team,home_away,w_l_d,shutouts,all_red,all_yellow,foul_mean,foul_median,score_mean,score_med,goal_rate,Draw,Loss,Win,wld_ratio,win_percent
A&M-Corpus Christi Islanders,Away,0.36538461538461536,6,0,20,6.884615384615385,6.5,1.2692307692307692,1,0.10855263157894737,3,15,8,8-15-3,30.76923076923077
A&M-Corpus Christi Islanders,Home,0.44642857142857145,6,1,18,9.5,9,1.3928571428571428,1,0.12074303405572756,5,13,10,10-13-5,35.714285714285715
Abilene Christian Wildcats,Away,0.3709677419354838,7,2,16,8.193548387096774,8,1.032258064516129,1,0.0798004987531172,3,18,10,10-18-3,32.25806451612903
Abilene Christian Wildcats,Home,0.5833333333333333,9,0,10,7.625,7,1.6666666666666665,1,0.0963855421686747,4,8,12,12-8-4,50
Air Force Falcons,Away,0.38461538461538464,8,0,24,9.26923076923077,8.5,0.6923076923076923,0,0.06593406593406594,4,14,8,8-14-4,30.76923076923077
Air Force Falcons,Home,0.4444444444444444,3,0,16,8.666666666666666,9,1,0.5,0.07003891050583658,2,9,7,7-9-2,38.88888888888889
Akron Zips,Away,0.20454545454545453,0,0,6,7.363636363636363,8,1.0454545454545454,1,0.13609467455621302,3,16,3,3-16-3,13.636363636363635
Akron Zips,Home,0.34090909090909094,8,1,17,9.5,9,0.7272727272727272,0,0.0653061224489796,3,13,6,6-13-3,27.27272727272727
Alabama A&M Bulldogs,Away,0.36538461538461536,7,2,22,5.923076923076923,6,0.923076923076923,1,0.11162790697674418,1,16,9,9-16-1,34.61538461538461
Alabama A&M Bulldogs,Home,0.5263157894736842,10,0,21,7.526315789473684,6,1.2631578947368418,1,0.10344827586206896,2,8,9,9-8-2,47.368421052631575
Alabama Crimson Tide,Away,0.48484848484848486,7,1,49,10.242424242424242,11,1.484848484848485,1,0.11036036036036036,4,15,14,14-15-4,42.42424242424242
Alabama Crimson Tide,Home,0.8181818181818181,17,0,31,10.606060606060606,10,2.303030303030303,2,0.1314878892733564,0,6,27,27-6-0,81.81818181818183
Alabama St. Lady Hornets,Away,0.46428571428571425,7,1,22,7.428571428571429,7.5,1.4285714285714284,1,0.136986301369863,4,13,11,11-13-4,39.285714285714285
Alabama St. Lady Hornets,Home,0.5681818181818181,9,0,13,5.5,5.5,1.4090909090909092,1,0.11355311355311355,5,7,10,10-7-5,45.45454545454545
Alcorn Lady Braves,Away,0.2916666666666667,4,0,14,5.916666666666666,6,1.0833333333333335,1,0.15028901734104047,4,15,5,5-15-4,20.833333333333336
Alcorn Lady Braves,Home,0.15909090909090912,1,0,15,8.090909090909092,9,0.9545454545454546,1,0.10294117647058823,1,18,3,3-18-1,13.636363636363635
American Eagles,Away,0.45,4,1,16,9.35,9.5,1,1,0.11494252873563218,6,8,6,6-8-6,30
American Eagles,Home,0.21875,3,0,10,7.5625,6.5,0.5,0,0.061068702290076333,3,11,2,2-11-3,12.5
App State Mountaineers,Away,0.32142857142857145,7,0,26,9.642857142857142,9,0.7857142857142858,1,0.09649122807017543,4,17,7,7-17-4,25
App State Mountaineers,Home,0.46428571428571425,8,2,22,8.571428571428571,9,1,1,0.1,2,14,12,12-14-2,42.857142857142854
Arizona St. Sun Devils,Away,0.4821428571428571,6,0,22,7.5,8,1.3214285714285714,1,0.11598746081504702,3,13,12,12-13-3,42.857142857142854
Arizona St. Sun Devils,Home,0.6666666666666666,7,1,19,7.925925925925926,8,2.6296296296296298,2,0.14699792960662525,4,7,16,16-7-4,59.25925925925925
Arizona Wildcats,Away,0.35416666666666663,6,1,24,11.5,11,0.8333333333333333,0,0.0851063829787234,3,14,7,7-14-3,29.166666666666668
Arizona Wildcats,Home,0.5740740740740741,8,1,20,8.814814814814815,8,1.4814814814814814,1,0.11661807580174927,1,11,15,15-11-1,55.55555555555556
Ark.-Pine Bluff Lady Lions,Away,0.30645161290322587,8,0,18,6.419354838709678,6,1.7419354838709675,0,0.14835164835164835,1,21,9,9-21-1,29.03225806451613
Ark.-Pine Bluff Lady Lions,Home,0.4347826086956522,5,1,17,3.652173913043478,3,2.2608695652173916,1,0.12935323383084577,0,13,10,10-13-0,43.47826086956522
Arkansas Razorbacks,Away,0.6470588235294118,9,0,54,10.970588235294118,10,2,2,0.13001912045889102,4,10,20,20-10-4,58.82352941176471
Arkansas Razorbacks,Home,0.8928571428571429,14,0,24,10.714285714285714,10,3.1785714285714284,3,0.1490787269681742,2,2,24,24-2-2,85.71428571428571
Arkansas St. Red Wolves,Away,0.5555555555555556,12,1,23,9.037037037037036,9,1.0740740740740742,1,0.09446254071661238,2,11,14,14-11-2,51.85185185185185
Arkansas St. Red Wolves,Home,0.6923076923076923,11,0,17,9.653846153846153,9,1.653846153846154,1,0.11436170212765957,4,6,16,16-6-4,61.53846153846154
Army West Point Black Knights,Away,0.38636363636363635,4,0,3,7.2272727272727275,7.5,1.3181818181818181,1,0.11788617886178862,7,10,5,5-10-7,22.727272727272727
Army West Point Black Knights,Home,0.75,11,0,5,8.318181818181818,8.5,1.4090909090909092,1,0.09226190476190477,3,4,15,15-4-3,68.18181818181817
Auburn Tigers,Away,0.5,6,1,14,8.518518518518519,9,1.259259259259259,1,0.1111111111111111,5,11,11,11-11-5,40.74074074074074
Auburn Tigers,Home,0.6724137931034483,16,0,14,7.206896551724138,7,1.8275862068965518,1,0.11064718162839249,5,7,17,17-7-5,58.620689655172406
Austin Peay Governors,Away,0.28260869565217395,5,0,9,8.130434782608695,7,0.782608695652174,0,0.07627118644067797,3,15,5,5-15-3,21.73913043478261
Austin Peay Governors,Home,0.34090909090909094,4,0,8,8.545454545454545,9,0.8181818181818181,0.5,0.08450704225352113,7,11,4,4-11-7,18.181818181818183
BYU Cougars,Away,0.6612903225806451,10,0,18,8.580645161290322,8,2.225806451612903,2,0.10935023771790808,7,7,17,17-7-7,54.83870967741935
BYU Cougars,Home,0.8,15,1,21,9.966666666666667,9,3.533333333333333,3,0.13856209150326798,4,4,22,22-4-4,73.33333333333333
Ball St. Cardinals,Away,0.4074074074074074,5,3,27,8.444444444444445,8,1.1481481481481481,1,0.09717868338557993,6,13,8,8-13-6,29.629629629629626
Ball St. Cardinals,Home,0.675,9,1,9,9.55,9.5,1.9,2,0.14339622641509434,5,4,11,11-4-5,55.00000000000001
Baylor Lady Bears,Away,0.39583333333333337,6,0,25,9.75,10,1.0416666666666667,1,0.07911392405063292,3,13,8,8-13-3,33.33333333333333
Baylor Lady Bears,Home,0.52,11,0,18,10.92,11,1.24,1,0.08355795148247978,8,8,9,9-8-8,36
Bellarmine Knights,Away,0.38461538461538464,10,0,7,7.384615384615385,7,0.5384615384615385,0,0.06862745098039216,12,10,4,4-10-12,15.384615384615385
Bellarmine Knights,Home,0.33333333333333337,6,0,8,7.9523809523809526,8,0.6666666666666667,0,0.06511627906976744,8,10,3,3-10-8,14.285714285714285
Belmont Bruins,Away,0.43181818181818177,8,0,7,9.454545454545455,9,0.6363636363636364,0.5,0.0880503144654088,5,10,7,7-10-5,31.818181818181817
Belmont Bruins,Home,0.5681818181818181,10,0,2,8.454545454545455,9,1.1363636363636362,1,0.11737089201877934,3,8,11,11-8-3,50
Binghamton Bearcats,Away,0.5384615384615384,7,0,17,11.461538461538462,11,1.576923076923077,1,0.10789473684210527,4,10,12,12-10-4,46.15384615384615
Binghamton Bearcats,Home,0.65,9,0,23,10.7,10,1.7,1,0.11888111888111888,4,5,11,11-5-4,55.00000000000001
Boise St. Broncos,Away,0.4375,8,0,27,10.541666666666666,11,1.125,0.5,0.10546875,5,11,8,8-11-5,33.33333333333333
Boise St. Broncos,Home,0.6964285714285714,15,1,23,12.035714285714286,12,1.4642857142857142,1,0.09030837004405286,7,5,16,16-5-7,57.14285714285714
Boston College Eagles,Away,0.34615384615384615,3,1,17,9.115384615384615,8.5,1.4615384615384615,1,0.13380281690140844,4,15,7,7-15-4,26.923076923076923
Boston College Eagles,Home,0.39583333333333337,4,0,14,10.125,10,1.3333333333333335,1,0.09907120743034056,3,13,8,8-13-3,33.33333333333333
Boston U. Terriers,Away,0.6904761904761905,8,0,9,8.095238095238095,8,1.3333333333333333,1,0.1206896551724138,3,5,13,13-5-3,61.904761904761905
Boston U. Terriers,Home,0.5,8,0,8,8.208333333333334,8.5,1.125,1,0.09818181818181818,2,11,11,11-11-2,45.83333333333333
Bowling Green Falcons,Away,0.5833333333333334,10,0,28,12.25,12.5,1.7916666666666665,1.5,0.14576271186440679,4,8,12,12-8-4,50
Bowling Green Falcons,Home,0.6875,14,0,28,14.125,14,1.7083333333333335,1,0.10649350649350649,5,5,14,14-5-5,58.333333333333336
Brown Bears,Away,0.7058823529411764,7,0,7,11.117647058823529,11,2.0588235294117645,1,0.14957264957264957,2,4,11,11-4-2,64.70588235294117
Brown Bears,Home,0.8529411764705882,8,0,11,10.117647058823529,10,3,3,0.16139240506329114,1,2,14,14-2-1,82.35294117647058
Bryant Bulldogs,Away,0.2727272727272727,4,0,16,6.7727272727272725,7,0.6818181818181819,1,0.06465517241379311,2,15,5,5-15-2,22.727272727272727
Bryant Bulldogs,Home,0.47619047619047616,8,0,4,7.857142857142857,7,1.3333333333333333,1,0.10526315789473684,2,10,9,9-10-2,42.857142857142854
Bucknell Bison,Away,0.4444444444444444,13,0,17,9.592592592592593,9,0.7037037037037037,1,0.05475504322766571,4,13,10,10-13-4,37.03703703703704
Bucknell Bison,Home,0.675,10,0,6,8.75,9.5,1.65,1,0.09116022099447514,7,3,10,10-3-7,50
Buffalo Bulls,Away,0.6458333333333334,13,0,13,8.458333333333334,9,1.2916666666666665,1,0.11151079136690648,5,6,13,13-6-5,54.166666666666664
Buffalo Bulls,Home,0.9,13,0,11,7.92,8,2.24,2,0.12334801762114538,3,1,21,21-1-3,84
Butler Bulldogs,Away,0.6304347826086957,8,2,15,9.26086956521739,9,1.8695652173913042,1,0.14052287581699346,3,7,13,13-7-3,56.52173913043478
Butler Bulldogs,Home,0.7068965517241379,11,0,14,8.344827586206897,8,2.3448275862068964,2,0.14166666666666666,3,7,19,19-7-3,65.51724137931035
CSU Bakersfield Roadrunners,Away,0.2857142857142857,3,0,22,9.666666666666666,9,0.8571428571428571,1,0.11464968152866242,4,13,4,4-13-4,19.047619047619047
CSU Bakersfield Roadrunners,Home,0.3125,0,1,16,9,8,0.9375,0.5,0.10067114093959731,4,9,3,3-9-4,18.75
CSUN Matadors,Away,0.15909090909090912,0,1,28,12.227272727272727,10.5,0.9090909090909091,1,0.10416666666666667,1,18,3,3-18-1,13.636363636363635
CSUN Matadors,Home,0.1764705882352941,2,0,16,10.058823529411764,8,0.6470588235294119,0,0.06707317073170732,0,14,3,3-14-0,17.647058823529413
Cal Poly Mustangs,Away,0.5,8,0,11,7.571428571428571,8,1.0952380952380953,1,0.09163346613545817,1,10,10,10-10-1,47.61904761904761
Cal Poly Mustangs,Home,0.6842105263157895,8,0,10,8.157894736842104,8,2.1052631578947367,2,0.1388888888888889,2,5,12,12-5-2,63.1578947368421
Cal St. Fullerton Titans,Away,0.475,6,0,11,9.3,9,1.25,1,0.11013215859030837,1,10,9,9-10-1,45
Cal St. Fullerton Titans,Home,0.6,8,0,14,7.85,8,1.5,1,0.11494252873563218,4,6,10,10-6-4,50
California Baptist Lancers,Away,0.43103448275862066,9,3,26,10.517241379310345,11,1.1724137931034482,1,0.08333333333333333,7,13,9,9-13-7,31.03448275862069
California Baptist Lancers,Home,0.7391304347826086,11,1,25,11.347826086956522,10,2.130434782608696,2,0.11187214611872145,4,4,15,15-4-4,65.21739130434783
California Golden Bears,Away,0.537037037037037,12,1,13,8.851851851851851,8,1.1111111111111112,1,0.08522727272727272,3,11,13,13-11-3,48.148148148148145
California Golden Bears,Home,0.54,8,0,15,8.4,7,1.08,1,0.07871720116618076,7,8,10,10-8-7,40
Campbell Camels,Away,0.6,7,2,11,7.4,8,1.72,1,0.1246376811594203,4,8,13,13-8-4,52
Campbell Camels,Home,0.8125,11,1,17,8.166666666666666,8,3.083333333333333,3,0.1574468085106383,3,3,18,18-3-3,75
Canisius Golden Griffins,Away,0.1923076923076923,5,3,31,11.076923076923077,11,0.4230769230769231,0,0.0421455938697318,10,16,0,0-16-10,0
Canisius Golden Griffins,Home,0.3888888888888889,5,0,13,10.444444444444445,10,1.0555555555555556,1,0.0892018779342723,2,10,6,6-10-2,33.33333333333333
Central Ark.  Sugar Bears,Away,0.40625,9,1,14,6,6,1.1875,1,0.10888252148997135,4,17,11,11-17-4,34.375
Central Ark.  Sugar Bears,Home,0.6071428571428571,9,1,18,7.178571428571429,7,2.0357142857142856,2,0.14214463840399003,2,10,16,16-10-2,57.14285714285714
Central Conn. St. Blue Devils,Away,0.5952380952380952,11,0,9,8.380952380952381,8,1.4285714285714284,1,0.1079136690647482,1,8,12,12-8-1,57.14285714285714
Central Conn. St. Blue Devils,Home,0.7608695652173912,12,0,7,9.304347826086957,9,1.8695652173913042,2,0.13230769230769232,1,5,17,17-5-1,73.91304347826086
Central Mich. Chippewas,Away,0.39583333333333337,6,0,16,9.583333333333332,9,1,1,0.08921933085501858,3,13,8,8-13-3,33.33333333333333
Central Mich. Chippewas,Home,0.45238095238095244,4,0,14,8.904761904761905,7,1.2857142857142858,1,0.1134453781512605,3,10,8,8-10-3,38.095238095238095
Charleston So. Buccaneers,Away,0.31818181818181823,6,0,14,6.818181818181818,6.5,0.8181818181818181,1,0.0782608695652174,2,14,6,6-14-2,27.27272727272727
Charleston So. Buccaneers,Home,0.4736842105263158,8,0,13,7.578947368421052,7,1.5789473684210524,1,0.11673151750972763,4,8,7,7-8-4,36.84210526315789
Charlotte 49ers,Away,0.3125,5,0,16,8.833333333333334,9,0.7916666666666667,0,0.09223300970873786,3,15,6,6-15-3,25
Charlotte 49ers,Home,0.5869565217391305,7,1,27,10.173913043478262,10,1.4782608695652173,1,0.10179640718562874,5,7,11,11-7-5,47.82608695652174
Chattanooga Mocs,Away,0.391304347826087,7,0,12,9.391304347826088,9,0.7391304347826088,1,0.07296137339055794,2,13,8,8-13-2,34.78260869565217
Chattanooga Mocs,Home,0.6346153846153846,12,0,18,11.26923076923077,11,1.0384615384615385,1,0.08653846153846154,7,6,13,13-6-7,50
Chicago St. Cougars,Away,0.125,0,2,36,9.71875,10,0.78125,0.5,0.11261261261261261,0,28,4,4-28-0,12.5
Chicago St. Cougars,Home,0.10000000000000002,2,0,26,9.95,10,0.35,0,0.05785123966942149,2,17,1,1-17-2,5
Cincinnati Bearcats,Away,0.375,3,0,23,8.9,8.5,1.05,1,0.10144927536231885,5,10,5,5-10-5,25
Cincinnati Bearcats,Home,0.6799999999999999,9,0,24,10.68,11,1.7600000000000002,2,0.12324929971988796,6,5,14,14-5-6,56.00000000000001
Clemson Tigers,Away,0.5,6,2,29,10.741935483870968,11,1.5806451612903225,1,0.13066666666666665,5,13,13,13-13-5,41.935483870967744
Clemson Tigers,Home,0.7884615384615385,16,0,21,8.807692307692308,8.5,2.5384615384615383,2,0.1527777777777778,3,4,19,19-4-3,73.07692307692307
Cleveland St. Vikings,Away,0.3695652173913043,4,1,15,8.217391304347826,8,1.173913043478261,1,0.11065573770491803,3,13,7,7-13-3,30.434782608695656
Cleveland St. Vikings,Home,0.5681818181818182,6,0,9,8.409090909090908,8.5,1.7727272727272727,1,0.1392857142857143,3,8,11,11-8-3,50
Coastal Carolina Chanticleers,Away,0.2678571428571429,4,1,13,6.785714285714286,6,0.7857142857142858,0,0.08835341365461848,3,19,6,6-19-3,21.428571428571427
Coastal Carolina Chanticleers,Home,0.5476190476190477,7,0,19,10.095238095238095,10,1.4285714285714286,1,0.1276595744680851,3,8,10,10-8-3,47.61904761904761
Col. of Charleston Cougars,Away,0.2368421052631579,4,2,14,9.789473684210526,9,1.1052631578947367,1,0.09767441860465116,3,13,3,3-13-3,15.789473684210526
Col. of Charleston Cougars,Home,0.38461538461538464,6,0,14,8.576923076923077,8,1.2307692307692308,1,0.0810126582278481,4,14,8,8-14-4,30.76923076923077
Colgate Raiders,Away,0.28260869565217395,4,0,9,8.217391304347826,8,1,1,0.09504132231404959,1,16,6,6-16-1,26.08695652173913
Colgate Raiders,Home,0.575,8,0,11,8,8.5,1.2,1,0.08333333333333333,7,5,8,8-5-7,40
Colorado Buffaloes,Away,0.34615384615384615,5,0,18,7.615384615384616,7.5,1,1,0.09701492537313433,6,14,6,6-14-6,23.076923076923077
Colorado Buffaloes,Home,0.7166666666666667,13,1,23,8.966666666666667,8.5,2.166666666666667,2,0.1422319474835886,5,6,19,19-6-5,63.33333333333333
Colorado Col. Tigers,Away,0.41666666666666663,6,0,5,7.541666666666666,7,0.75,1,0.07086614173228346,4,12,8,8-12-4,33.33333333333333
Colorado Col. Tigers,Home,0.5238095238095238,5,0,8,10.285714285714286,10,1.3333333333333335,1,0.08259587020648967,6,7,8,8-7-6,38.095238095238095
Colorado St. Rams,Away,0.33333333333333337,3,1,14,8.238095238095237,8,0.7619047619047619,1,0.06349206349206349,6,11,4,4-11-6,19.047619047619047
Colorado St. Rams,Home,0.5,8,0,9,7.409090909090908,6.5,1.0909090909090908,1,0.09411764705882353,6,8,8,8-8-6,36.36363636363637
Columbia Lions,Away,0.43333333333333335,1,1,7,9.666666666666666,10,1.2,0,0.1125,1,8,6,6-8-1,40
Columbia Lions,Home,0.71875,9,0,12,8.375,8,1.875,1.5,0.13513513513513514,3,3,10,10-3-3,62.5
Cornell Big Red,Away,0.14705882352941174,2,0,10,9.882352941176471,10,0.6470588235294118,0,0.07236842105263158,3,13,1,1-13-3,5.88235294117647
Cornell Big Red,Home,0.5333333333333333,5,0,6,7.933333333333334,7,1.1333333333333333,1,0.0918918918918919,4,5,6,6-5-4,40
Creighton Bluejays,Away,0.33999999999999997,5,0,9,9.32,9,1,1,0.08305647840531562,5,14,6,6-14-5,24
Creighton Bluejays,Home,0.6458333333333334,10,2,10,10.25,10.5,1.4166666666666667,2,0.09115281501340483,5,6,13,13-6-5,54.166666666666664
Dartmouth Big Green,Away,0.33333333333333337,1,1,3,8.933333333333334,9,1.0666666666666667,1,0.09876543209876543,2,9,4,4-9-2,26.666666666666668
Dartmouth Big Green,Home,0.6764705882352942,6,0,7,8.470588235294118,8,1.9411764705882353,2,0.1213235294117647,1,5,11,11-5-1,64.70588235294117
Davidson Wildcats,Away,0.5192307692307693,9,0,12,8.115384615384615,8,0.8846153846153846,1,0.10849056603773585,5,10,11,11-10-5,42.30769230769231
Davidson Wildcats,Home,0.6153846153846154,13,0,10,6.538461538461538,6.5,1.4615384615384615,1,0.1391941391941392,6,7,13,13-7-6,50
Dayton Flyers,Away,0.6153846153846154,10,2,25,10.423076923076923,10,1.653846153846154,1,0.13109756097560976,2,9,15,15-9-2,57.692307692307686
Dayton Flyers,Home,0.7241379310344828,15,1,30,10.931034482758621,11,2.103448275862069,2,0.10683012259194395,2,7,20,20-7-2,68.96551724137932
DePaul Blue Demons,Away,0.21428571428571427,3,0,8,9.333333333333334,8,0.7619047619047619,1,0.09696969696969697,1,16,4,4-16-1,19.047619047619047
DePaul Blue Demons,Home,0.42857142857142855,6,0,10,11.142857142857142,9,1.3333333333333333,1,0.12389380530973451,0,12,9,9-12-0,42.857142857142854
Delaware Blue Hens,Away,0.23809523809523805,4,0,12,9.666666666666666,9,0.5714285714285714,0,0.06030150753768844,4,14,3,3-14-4,14.285714285714285
Delaware Blue Hens,Home,0.38636363636363635,4,1,9,8.727272727272727,8,1.0909090909090908,1,0.10300429184549356,3,12,7,7-12-3,31.818181818181817
Delaware St. Hornets,Away,0.10526315789473684,0,0,5,7.473684210526316,7,0.5263157894736843,0,0.078125,0,17,2,2-17-0,10.526315789473683
Delaware St. Hornets,Home,0.225,3,2,12,6.1,6,0.7,1,0.12612612612612611,3,14,3,3-14-3,15
Denver Pioneers,Away,0.6612903225806451,13,1,22,8.290322580645162,8,2.096774193548387,2,0.15151515151515152,3,9,19,19-9-3,61.29032258064516
Denver Pioneers,Home,0.8,17,0,10,9.6,9.5,2.1333333333333333,2,0.13675213675213677,4,4,22,22-4-4,73.33333333333333
Detroit Mercy Titans,Away,0.11999999999999998,0,1,14,9.84,10,0.6799999999999999,0,0.08994708994708994,0,22,3,3-22-0,12
Detroit Mercy Titans,Home,0.5263157894736842,5,0,15,11.789473684210526,11,1.3157894736842106,1,0.08928571428571429,4,7,8,8-7-4,42.10526315789473
Drake Bulldogs,Away,0.36538461538461536,4,1,34,10.307692307692308,8.5,0.9615384615384615,1,0.11261261261261261,9,12,5,5-12-9,19.230769230769234
Drake Bulldogs,Home,0.5714285714285714,12,1,18,9.19047619047619,9,0.8571428571428571,1,0.09090909090909091,4,7,10,10-7-4,47.61904761904761
Drexel Dragons,Away,0.5434782608695652,6,0,19,10.782608695652174,11,1.4782608695652175,1,0.12878787878787878,3,9,11,11-9-3,47.82608695652174
Drexel Dragons,Home,0.5714285714285714,6,1,19,11.285714285714286,11,1.7619047619047619,1,0.11077844311377245,6,6,9,9-6-6,42.857142857142854
Duke Blue Devils,Away,0.6935483870967742,16,1,20,8.548387096774194,8,1.6129032258064515,1,0.1392757660167131,5,7,19,19-7-5,61.29032258064516
Duke Blue Devils,Home,0.75,19,0,22,8.029411764705882,8,2.176470588235294,1.5,0.13528336380255943,3,7,24,24-7-3,70.58823529411765
Duquesne Dukes,Away,0.2857142857142857,5,1,19,8.380952380952381,7,0.7619047619047619,0,0.0761904761904762,2,14,5,5-14-2,23.809523809523807
Duquesne Dukes,Home,0.5,1,0,22,9.1,9.5,1.4,1,0.109375,4,8,8,8-8-4,40
ETSU Buccaneers (Bucs),Away,0.4782608695652174,8,1,24,10.652173913043478,10,0.7391304347826088,1,0.08292682926829269,6,9,8,8-9-6,34.78260869565217
ETSU Buccaneers (Bucs),Home,0.3888888888888889,5,1,24,10.5,10,0.8888888888888888,1,0.0855614973262032,4,9,5,5-9-4,27.77777777777778
East Carolina Pirates,Away,0.36538461538461536,3,1,31,8.23076923076923,7.5,0.8846153846153846,1,0.09871244635193133,5,14,7,7-14-5,26.923076923076923
East Carolina Pirates,Home,0.5652173913043478,11,0,14,8.173913043478262,8,1.2173913043478262,1,0.10566037735849057,2,9,12,12-9-2,52.17391304347826
Eastern Ill. Panthers,Away,0.20454545454545453,4,2,11,8.5,8.5,0.3181818181818182,0,0.041916167664670656,7,14,1,1-14-7,4.545454545454546
Eastern Ill. Panthers,Home,0.42857142857142855,7,0,6,8.238095238095237,8,0.8571428571428571,1,0.08333333333333333,4,10,7,7-10-4,33.33333333333333
Eastern Ky. Colonels,Away,0.41666666666666663,7,0,24,10.833333333333334,11.5,1.0833333333333335,1,0.09252669039145907,2,13,9,9-13-2,37.5
Eastern Ky. Colonels,Home,0.5869565217391305,7,1,13,10.608695652173914,10,1.4782608695652173,2,0.10029498525073746,1,9,13,13-9-1,56.52173913043478
Eastern Mich. Eagles,Away,0.30434782608695654,4,0,17,9.217391304347826,8,1,1,0.09387755102040816,2,15,6,6-15-2,26.08695652173913
Eastern Mich. Eagles,Home,0.34090909090909094,0,0,5,8.409090909090908,8,1.3636363636363638,1,0.10067114093959731,5,12,5,5-12-5,22.727272727272727
Eastern Wash. Eagles,Away,0.22000000000000003,4,2,19,9.120000000000001,10,0.6799999999999999,0,0.07234042553191489,5,17,3,3-17-5,12
Eastern Wash. Eagles,Home,0.6190476190476191,8,0,12,10,10,1.6666666666666665,1,0.1282051282051282,2,7,12,12-7-2,57.14285714285714
Elon Phoenix,Away,0.5217391304347826,9,0,18,8.782608695652174,8,1,1,0.09745762711864407,2,10,11,11-10-2,47.82608695652174
Elon Phoenix,Home,0.6590909090909091,11,0,24,8.90909090909091,8.5,1.5454545454545454,1.5,0.11486486486486487,3,6,13,13-6-3,59.09090909090909
Evansville Purple Aces,Away,0.375,6,1,18,7.875,8,0.75,1,0.08333333333333333,8,11,5,5-11-8,20.833333333333336
Evansville Purple Aces,Home,0.5,7,0,6,6,6,1,1,0.11046511627906977,7,6,6,6-6-7,31.57894736842105
FDU Knights,Away,0.29166666666666663,0,2,16,10.916666666666666,11.5,1.1666666666666667,1,0.12389380530973451,3,7,2,2-7-3,16.666666666666664
FDU Knights,Home,0.6,3,1,8,11.2,11.5,1.7,1,0.09239130434782608,0,4,6,6-4-0,60
FGCU Eagles,Away,0.525,6,0,20,12.45,11,1.25,1,0.10040160642570281,1,9,10,10-9-1,50
FGCU Eagles,Home,0.7,14,0,17,10.366666666666667,9,1.7666666666666666,2,0.09397163120567376,4,7,19,19-7-4,63.33333333333333
FIU Panthers,Away,0.22727272727272727,5,0,28,10.272727272727273,9.5,0.8181818181818181,1,0.08737864077669903,4,15,3,3-15-4,13.636363636363635
FIU Panthers,Home,0.2857142857142857,3,0,19,6.571428571428571,6,1.1428571428571428,1,0.09486166007905138,2,14,5,5-14-2,23.809523809523807
Fairfield Stags,Away,0.47826086956521746,4,0,15,8.956521739130435,9,1.3043478260869565,1,0.09375,4,10,9,9-10-4,39.130434782608695
Fairfield Stags,Home,0.7857142857142857,8,1,8,10.523809523809524,12,2.2857142857142856,2,0.12060301507537688,1,4,16,16-4-1,76.19047619047619
Fairleigh Dickinson Knights,Away,0.5588235294117647,7,1,13,9.470588235294118,10,1.2941176470588236,1,0.10891089108910891,3,6,8,8-6-3,47.05882352941176
Fairleigh Dickinson Knights,Home,0.6818181818181818,4,0,8,10.636363636363637,9,1.4545454545454546,1,0.11940298507462686,1,3,7,7-3-1,63.63636363636363
Fla. Atlantic Owls,Away,0.5192307692307693,8,1,16,10,9.5,1.1923076923076923,1,0.10197368421052631,5,10,11,11-10-5,42.30769230769231
Fla. Atlantic Owls,Home,0.54,10,0,19,9.64,9,1.4,1,0.1206896551724138,5,9,11,11-9-5,44
Florida Gators,Away,0.2666666666666667,5,1,29,9.3,8,1.3666666666666665,1,0.12852664576802508,4,20,6,6-20-4,20
Florida Gators,Home,0.33333333333333337,4,1,28,11.291666666666666,10.5,1.2083333333333335,1,0.1070110701107011,4,14,6,6-14-4,25
Florida St. Seminoles,Away,0.8194444444444444,20,0,31,8.055555555555555,8,2.333333333333333,2,0.1575984990619137,7,3,26,26-3-7,72.22222222222221
Florida St. Seminoles,Home,0.9285714285714286,16,0,12,8.464285714285714,7,3.107142857142857,3.5,0.16477272727272727,2,1,25,25-1-2,89.28571428571429
Fordham Rams,Away,0.33999999999999997,4,0,16,9,8,0.72,1,0.06228373702422145,1,16,8,8-16-1,32
Fordham Rams,Home,0.3611111111111111,4,1,14,12.722222222222221,12,1.3888888888888888,1.5,0.1201923076923077,3,10,5,5-10-3,27.77777777777778
Fresno St. Bulldogs,Away,0.2777777777777778,3,2,31,10.407407407407407,10,0.7407407407407408,1,0.08298755186721991,5,17,5,5-17-5,18.51851851851852
Fresno St. Bulldogs,Home,0.6190476190476191,7,1,15,8.428571428571429,8,1.7619047619047619,1,0.16299559471365638,4,6,11,11-6-4,52.38095238095239
Furman Paladins,Away,0.5652173913043479,8,0,12,7.739130434782608,8,1.8695652173913042,2,0.12112676056338029,2,9,12,12-9-2,52.17391304347826
Furman Paladins,Home,0.6730769230769231,12,0,15,8.615384615384615,8.5,1.9615384615384615,2,0.1146067415730337,3,7,16,16-7-3,61.53846153846154
Ga. Southern Eagles,Away,0.47222222222222215,12,1,20,7.305555555555555,6,1,1,0.10588235294117647,6,16,14,14-16-6,38.88888888888889
Ga. Southern Eagles,Home,0.55,5,2,14,7.5,7,1.4,1,0.10980392156862745,4,7,9,9-7-4,45
Gardner-Webb Runnin' Bulldogs,Away,0.40384615384615385,9,2,22,8.615384615384615,8,1.1153846153846154,1,0.10622710622710622,3,14,9,9-14-3,34.61538461538461
Gardner-Webb Runnin' Bulldogs,Home,0.48,6,0,23,10.36,10,2.32,2,0.18181818181818182,4,11,10,10-11-4,40
George Mason Patriots,Away,0.2619047619047619,0,1,34,11.619047619047619,12,0.9523809523809523,1,0.12903225806451613,5,13,3,3-13-5,14.285714285714285
George Mason Patriots,Home,0.36,4,0,25,10.56,11,0.92,1,0.09387755102040816,4,14,7,7-14-4,28.000000000000004
George Washington Colonials,Away,0.4230769230769231,8,0,20,9.307692307692308,10,1.1923076923076923,1,0.11151079136690648,4,13,9,9-13-4,34.61538461538461
George Washington Colonials,Home,0.47619047619047616,5,0,9,7.333333333333333,7,1.2380952380952381,1,0.08843537414965986,6,8,7,7-8-6,33.33333333333333
Georgetown Hoyas,Away,0.8275862068965517,18,0,13,8.724137931034482,8,1.6206896551724137,1,0.13202247191011235,8,1,20,20-1-8,68.96551724137932
Georgetown Hoyas,Home,0.8103448275862069,21,0,10,8.551724137931034,8,2.137931034482759,2,0.14797136038186157,5,3,21,21-3-5,72.41379310344827
Georgia Bulldogs,Away,0.5,10,0,14,8,8,1.4285714285714284,1,0.10204081632653061,8,10,10,10-10-8,35.714285714285715
Georgia Bulldogs,Home,0.6964285714285714,11,1,12,8.214285714285714,9,2.4285714285714284,2,0.13203883495145632,1,8,19,19-8-1,67.85714285714286
Georgia St. Panthers,Away,0.6333333333333333,9,0,32,8.533333333333333,8,1.5,1,0.13313609467455623,8,7,15,15-7-8,50
Georgia St. Panthers,Home,0.6153846153846154,10,0,8,8.038461538461538,7.5,1.7307692307692308,2,0.10514018691588785,6,7,13,13-7-6,50
Gonzaga Bulldogs,Away,0.6538461538461539,12,0,15,10.884615384615385,11,2.076923076923077,1.5,0.12217194570135746,2,8,16,16-8-2,61.53846153846154
Gonzaga Bulldogs,Home,0.782608695652174,16,0,9,12.08695652173913,12,2.1739130434782608,2,0.12562814070351758,4,3,16,16-3-4,69.56521739130434
Grambling Lady Tigers,Away,0.6,12,0,42,7.685714285714285,8,1.657142857142857,2,0.12831858407079647,6,11,18,18-11-6,51.42857142857142
Grambling Lady Tigers,Home,0.5789473684210527,8,0,18,12.105263157894736,13,2.473684210526316,2,0.16906474820143885,2,7,10,10-7-2,52.63157894736842
Grand Canyon Lopes,Away,0.6785714285714286,12,2,17,10.392857142857142,10,2.107142857142857,2,0.12633832976445397,4,7,17,17-7-4,60.71428571428571
Grand Canyon Lopes,Home,0.578125,9,1,31,9.1875,9,2.53125,2,0.1354515050167224,1,13,18,18-13-1,56.25
Green Bay Phoenix,Away,0.25,4,0,15,11.1,11,0.5500000000000002,0,0.06547619047619048,4,13,3,3-13-4,15
Green Bay Phoenix,Home,0.6052631578947368,9,1,10,9.263157894736842,10,1.3157894736842106,1,0.13513513513513514,5,5,9,9-5-5,47.368421052631575
Hampton Lady Pirates,Away,0.11904761904761904,2,2,24,11.19047619047619,11,0.7142857142857143,0,0.11363636363636363,1,18,2,2-18-1,9.523809523809524
Hampton Lady Pirates,Home,0.13636363636363635,2,1,14,4.909090909090908,1,0.909090909090909,0,0.1111111111111111,1,9,1,1-9-1,9.090909090909092
Hartford Hawks,Away,0.5666666666666667,3,0,11,7.8,6,1.6666666666666667,2,0.13966480446927373,3,5,7,7-5-3,46.666666666666664
Hartford Hawks,Home,0.8,9,0,7,9.733333333333333,10,1.8,2,0.13170731707317074,2,2,11,11-2-2,73.33333333333333
Harvard Crimson,Away,0.78125,6,0,11,10.0625,10.5,2.3125,2,0.13120567375886524,3,2,11,11-2-3,68.75
Harvard Crimson,Home,0.7941176470588235,7,0,6,8.941176470588236,9,2.6470588235294117,3,0.12893982808022922,1,3,13,13-3-1,76.47058823529412
Hawaii Rainbow Wahine,Away,0.34375,3,0,13,10,9,1.125,1,0.10975609756097561,3,9,4,4-9-3,25
Hawaii Rainbow Wahine,Home,0.4642857142857143,5,1,10,11.071428571428571,11.5,0.8571428571428571,1,0.06593406593406594,3,6,5,5-6-3,35.714285714285715
High Point Panthers,Away,0.5652173913043479,7,0,9,7.826086956521739,7,1.6521739130434783,1,0.13333333333333333,4,8,11,11-8-4,47.82608695652174
High Point Panthers,Home,0.5576923076923077,9,0,4,6.076923076923077,6,2.3846153846153846,2,0.15422885572139303,1,11,14,14-11-1,53.84615384615385
Hofstra Pride,Away,0.6111111111111112,11,0,18,10.74074074074074,9,1.4074074074074074,1,0.09069212410501193,5,8,14,14-8-5,51.85185185185185
Hofstra Pride,Home,0.7884615384615385,13,0,15,12.692307692307692,13,2.9615384615384617,3,0.15587044534412955,1,5,20,20-5-1,76.92307692307693
Holy Cross Crusaders,Away,0.11904761904761903,2,1,20,11.380952380952381,12,0.7142857142857143,0,0.1048951048951049,3,17,1,1-17-3,4.761904761904762
Holy Cross Crusaders,Home,0.2352941176470588,3,1,17,9.941176470588236,10,0.7058823529411764,1,0.0759493670886076,2,12,3,3-12-2,17.647058823529413
Houston Baptist Huskies,Away,0.26315789473684215,2,0,15,7.947368421052632,8,0.8421052631578947,1,0.07239819004524888,4,12,3,3-12-4,15.789473684210526
Houston Baptist Huskies,Home,0.36666666666666664,2,0,11,8.6,9,1.3333333333333335,1,0.09009009009009009,1,9,5,5-9-1,33.33333333333333
Houston Christian Huskies,Away,0.38461538461538464,5,1,14,9.153846153846153,9,0.7692307692307693,1,0.06666666666666667,2,7,4,4-7-2,30.76923076923077
Houston Christian Huskies,Home,0.5,2,0,7,8.714285714285714,9,1.5714285714285714,1,0.08661417322834646,1,3,3,3-3-1,42.857142857142854
Houston Cougars,Away,0.391304347826087,4,1,11,8.08695652173913,8,0.8695652173913044,1,0.07782101167315175,4,12,7,7-12-4,30.434782608695656
Houston Cougars,Home,0.7916666666666666,11,0,17,6.875,7,2.5,2,0.16393442622950818,2,4,18,18-4-2,75
Howard Bison,Away,0.23076923076923075,2,0,3,8,9,0.8461538461538461,1,0.08029197080291971,4,8,1,1-8-4,7.6923076923076925
Howard Bison,Home,0.5,5,1,8,7.117647058823529,8,1.7058823529411764,2,0.11693548387096774,1,8,8,8-8-1,47.05882352941176
IUPUI Jaguars,Away,0.4,10,0,19,9.92,9,0.92,1,0.08518518518518518,6,12,7,7-12-6,28.000000000000004
IUPUI Jaguars,Home,0.675,13,0,11,9.5,9,1.35,1,0.08823529411764706,5,4,11,11-4-5,55.00000000000001
Idaho St. Bengals,Away,0.16,4,1,15,9.36,10,0.56,0,0.07909604519774012,2,20,3,3-20-2,12
Idaho St. Bengals,Home,0.19047619047619047,3,0,12,7.523809523809524,7,0.7619047619047619,1,0.06201550387596899,4,15,2,2-15-4,9.523809523809524
Idaho Vandals,Away,0.5769230769230769,15,0,13,8.461538461538462,8,1.2692307692307692,1,0.12452830188679245,2,10,14,14-10-2,53.84615384615385
Idaho Vandals,Home,0.6904761904761905,8,1,7,10.857142857142858,11,1.5714285714285714,1,0.14601769911504425,3,5,13,13-5-3,61.904761904761905
Illinois Fighting Illini,Away,0.5,6,0,13,10.409090909090908,10.5,1.4090909090909092,1,0.14027149321266968,2,10,10,10-10-2,45.45454545454545
Illinois Fighting Illini,Home,0.4,4,0,11,9.68,9,1.28,1,0.09937888198757763,4,13,8,8-13-4,32
Illinois St. Redbirds,Away,0.27083333333333337,4,0,15,8.791666666666666,8.5,1.2916666666666665,1,0.10616438356164383,1,17,6,6-17-1,25
Illinois St. Redbirds,Home,0.30434782608695654,4,2,23,10.73913043478261,10,1,0,0.07076923076923076,4,14,5,5-14-4,21.73913043478261
Indiana Hoosiers,Away,0.3695652173913043,10,1,17,9.869565217391305,10,0.5652173913043479,0,0.05726872246696035,7,11,5,5-11-7,21.73913043478261
Indiana Hoosiers,Home,0.6458333333333333,14,0,11,7.583333333333334,8,1.4166666666666665,1,0.10828025477707007,5,6,13,13-6-5,54.166666666666664
Indiana St. Sycamores,Away,0.375,5,0,19,9.25,8.5,1.0416666666666665,1,0.12562814070351758,2,14,8,8-14-2,33.33333333333333
Indiana St. Sycamores,Home,0.4473684210526315,5,0,15,9.052631578947368,8,0.9473684210526316,1,0.07860262008733625,5,8,6,6-8-5,31.57894736842105
Iona Gaels,Away,0.45833333333333337,5,1,12,10.666666666666666,11.5,1.4166666666666665,1,0.1596244131455399,2,12,10,10-12-2,41.66666666666667
Iona Gaels,Home,0.575,8,0,14,11.25,11.5,1,1,0.08849557522123894,3,7,10,10-7-3,50
Iowa Hawkeyes,Away,0.48484848484848486,12,1,30,12.363636363636363,13,1.0303030303030303,1,0.08629441624365482,4,15,14,14-15-4,42.42424242424242
Iowa Hawkeyes,Home,0.5909090909090909,8,1,19,11.863636363636363,12,1.5454545454545454,1,0.10793650793650794,6,6,10,10-6-6,45.45454545454545
Iowa St. Cyclones,Away,0.2692307692307693,6,3,27,10.884615384615385,11,0.6153846153846154,0,0.07960199004975124,4,17,5,5-17-4,19.230769230769234
Iowa St. Cyclones,Home,0.40476190476190477,6,0,17,12.095238095238095,12,0.8095238095238095,1,0.07053941908713693,5,10,6,6-10-5,28.57142857142857
Jackson St. Lady Tigers,Away,0.4629629629629629,6,4,51,9.11111111111111,8,1.6296296296296295,1,0.1345565749235474,1,14,12,12-14-1,44.44444444444444
Jackson St. Lady Tigers,Home,0.47727272727272724,9,0,15,6.181818181818182,7,1,1,0.08494208494208494,3,10,9,9-10-3,40.909090909090914
Jacksonville Dolphins,Away,0.40384615384615385,7,1,22,8.23076923076923,8,1.3076923076923077,1,0.1574074074074074,5,13,8,8-13-5,30.76923076923077
Jacksonville Dolphins,Home,0.4,7,1,16,6.8,6.5,0.95,1,0.14285714285714285,4,10,6,6-10-4,30
Jacksonville St. Gamecocks,Away,0.22916666666666669,5,1,14,8.166666666666666,9,1,1,0.1085972850678733,3,17,4,4-17-3,16.666666666666664
Jacksonville St. Gamecocks,Home,0.4782608695652174,3,1,21,8.08695652173913,8,1.347826086956522,1,0.096875,2,11,10,10-11-2,43.47826086956522
James Madison Dukes,Away,0.54,10,0,15,8.28,8,1.24,1,0.1183206106870229,3,10,12,12-10-3,48
James Madison Dukes,Home,0.5952380952380952,9,0,10,8,8,1.5238095238095237,1,0.1350210970464135,5,6,10,10-6-5,47.61904761904761
Kansas City Kangaroos,Away,0.33333333333333337,3,0,12,8.904761904761905,9,1.0952380952380953,1,0.12234042553191489,0,14,7,7-14-0,33.33333333333333
Kansas City Kangaroos,Home,0.2333333333333333,1,0,5,10.733333333333333,11,0.6,0,0.07377049180327869,1,11,3,3-11-1,20
Kansas City Roos,Away,0.16666666666666669,1,0,3,8.777777777777779,8,0.5555555555555556,1,0.08771929824561403,1,7,1,1-7-1,11.11111111111111
Kansas City Roos,Home,0.3333333333333333,2,0,5,9.777777777777779,9,0.6666666666666666,1,0.07792207792207792,4,4,1,1-4-4,11.11111111111111
Kansas Jayhawks,Away,0.36538461538461536,5,0,22,9.538461538461538,9,1.1153846153846154,1,0.09797297297297297,3,15,8,8-15-3,30.76923076923077
Kansas Jayhawks,Home,0.5961538461538461,10,0,25,9.461538461538462,9.5,1.3076923076923077,1,0.1069182389937107,3,9,14,14-9-3,53.84615384615385
Kansas St. Wildcats,Away,0.36538461538461536,8,0,16,9.153846153846153,9.5,1.0384615384615385,1,0.08766233766233766,3,15,8,8-15-3,30.76923076923077
Kansas St. Wildcats,Home,0.36,7,0,18,11.4,11,0.8400000000000001,1,0.06774193548387097,4,14,7,7-14-4,28.000000000000004
Kennesaw St. Owls,Away,0.4482758620689655,8,0,29,9.379310344827585,10,0.9310344827586208,1,0.09090909090909091,2,15,12,12-15-2,41.37931034482759
Kennesaw St. Owls,Home,0.54,6,0,9,10.76,11,1.48,1,0.11349693251533742,3,10,12,12-10-3,48
Kent St. Golden Flashes,Away,0.4423076923076923,5,1,32,13.26923076923077,14,1.3076923076923077,1,0.12781954887218044,5,12,9,9-12-5,34.61538461538461
Kent St. Golden Flashes,Home,0.625,9,1,16,12.15,13,1.65,1,0.1346938775510204,5,5,10,10-5-5,50
Kentucky Wildcats,Away,0.16666666666666669,1,1,18,8.571428571428571,8,1.2857142857142858,1,0.1125,3,16,2,2-16-3,9.523809523809524
Kentucky Wildcats,Home,0.576923076923077,8,0,24,9.307692307692308,9.5,2.1153846153846154,1.5,0.13819095477386933,4,9,13,13-9-4,50
LIU Sharks,Away,0.21428571428571427,2,0,14,9.333333333333334,9,0.5238095238095238,0,0.05583756345177665,1,16,4,4-16-1,19.047619047619047
LIU Sharks,Home,0.41666666666666663,7,2,15,10.61111111111111,11,0.7777777777777778,1,0.06829268292682927,5,8,5,5-8-5,27.77777777777778
LMU (CA) Lions,Away,0.14583333333333334,3,0,15,7.916666666666666,8.5,0.33333333333333337,0,0.05405405405405406,3,19,2,2-19-3,8.333333333333332
LMU (CA) Lions,Home,0.19047619047619047,3,0,17,8.238095238095237,8,0.8095238095238095,1,0.09340659340659341,4,15,2,2-15-4,9.523809523809524
LSU Tigers,Away,0.5405405405405406,13,2,50,10.64864864864865,11,1.3783783783783785,1,0.12200956937799043,8,13,16,16-13-8,43.24324324324324
LSU Tigers,Home,0.6304347826086957,7,4,26,10.26086956521739,10,2.217391304347826,2,0.13043478260869565,3,7,13,13-7-3,56.52173913043478
La Salle Explorers,Away,0.5,7,2,31,11.73913043478261,11,1.3478260869565217,1,0.13247863247863248,3,10,10,10-10-3,43.47826086956522
La Salle Explorers,Home,0.5476190476190477,6,0,13,10,10,1.2857142857142858,1,0.09121621621621621,1,9,11,11-9-1,52.38095238095239
Lafayette Leopards,Away,0.18421052631578946,0,1,6,7.578947368421052,8,0.7368421052631579,1,0.08187134502923976,3,14,2,2-14-3,10.526315789473683
Lafayette Leopards,Home,0.47058823529411764,6,0,7,7.294117647058823,6,1.0588235294117647,1,0.11842105263157894,2,8,7,7-8-2,41.17647058823529
Lamar University Cardinals,Away,0.625,12,1,29,8.535714285714286,8.5,1.392857142857143,1,0.10985915492957747,3,9,16,16-9-3,57.14285714285714
Lamar University Cardinals,Home,0.7608695652173914,11,0,12,8.826086956521738,9,2.4347826086956523,2,0.17721518987341772,1,5,17,17-5-1,73.91304347826086
Lehigh Mountain Hawks,Away,0.2727272727272727,3,1,13,9.045454545454545,9,0.6363636363636365,0,0.058091286307053944,4,14,4,4-14-4,18.181818181818183
Lehigh Mountain Hawks,Home,0.6578947368421053,7,0,7,9.736842105263158,9,1.736842105263158,2,0.11870503597122302,3,5,11,11-5-3,57.89473684210527
Liberty Lady Flames,Away,0.5645161290322581,15,0,8,9.64516129032258,10,1.032258064516129,1,0.08290155440414508,7,10,14,14-10-7,45.16129032258064
Liberty Lady Flames,Home,0.7222222222222221,13,0,10,8.037037037037036,8,2.4074074074074074,3,0.17379679144385027,3,6,18,18-6-3,66.66666666666666
Lindenwood Lions,Away,0.4230769230769231,6,1,12,11.846153846153847,13,0.6923076923076923,1,0.140625,5,5,3,3-5-5,23.076923076923077
Lindenwood Lions,Home,0.5,3,1,8,11.142857142857142,10,1.2857142857142858,1,0.18,1,3,3,3-3-1,42.857142857142854
Lipscomb Bisons,Away,0.6363636363636364,7,0,13,9.454545454545455,9.5,1.5454545454545456,1,0.10526315789473684,2,7,13,13-7-2,59.09090909090909
Lipscomb Bisons,Home,0.7333333333333333,19,0,11,9.6,10,2.4,2,0.12244897959183673,4,6,20,20-6-4,66.66666666666666
Little Rock Trojans,Away,0.4193548387096774,10,0,21,7.774193548387097,8,1,1,0.0893371757925072,6,15,10,10-15-6,32.25806451612903
Little Rock Trojans,Home,0.5,8,0,15,8.4,8,1,1,0.07905138339920949,8,6,6,6-6-8,30
Long Beach St. Beach,Away,0.631578947368421,7,0,14,10.31578947368421,9,1.3157894736842106,1,0.11737089201877934,4,5,10,10-5-4,52.63157894736842
Long Beach St. Beach,Home,0.45000000000000007,2,0,14,10.6,10.5,1.5,2,0.10676156583629894,4,9,7,7-9-4,35
Longwood Lancers,Away,0.32142857142857145,7,0,12,6.964285714285714,8,0.5714285714285714,0,0.055944055944055944,8,15,5,5-15-8,17.857142857142858
Longwood Lancers,Home,0.675,11,0,8,7.5,7.5,1.7,1,0.12639405204460966,3,5,12,12-5-3,60
Louisiana Ragin' Cajuns,Away,0.3181818181818182,8,2,27,9.575757575757576,9,1.0909090909090908,1,0.10714285714285714,5,20,8,8-20-5,24.242424242424242
Louisiana Ragin' Cajuns,Home,0.5652173913043478,8,0,15,10.173913043478262,11,1.434782608695652,1,0.12,4,8,11,11-8-4,47.82608695652174
Louisiana Tech Lady Techsters,Away,0.4166666666666667,7,0,25,8.833333333333332,8.5,1.4666666666666666,1,0.12087912087912088,3,16,11,11-16-3,36.666666666666664
Louisiana Tech Lady Techsters,Home,0.5681818181818182,7,1,25,10.681818181818182,10.5,1.6818181818181819,1,0.13857677902621723,3,8,11,11-8-3,50
Louisville Cardinals,Away,0.47619047619047616,7,0,13,8.952380952380953,8,0.9523809523809523,1,0.10416666666666667,2,10,9,9-10-2,42.857142857142854
Louisville Cardinals,Home,0.4347826086956522,7,0,17,10.08695652173913,10,1.347826086956522,1,0.10299003322259136,2,12,9,9-12-2,39.130434782608695
Loyola Chicago Ramblers,Away,0.6346153846153846,11,0,13,8.384615384615385,9,1.6538461538461537,1,0.12044817927170869,3,8,15,15-8-3,57.692307692307686
Loyola Chicago Ramblers,Home,0.7045454545454546,11,0,6,9.818181818181818,9.5,1.772727272727273,2,0.1015625,3,5,14,14-5-3,63.63636363636363
Loyola Maryland Greyhounds,Away,0.4736842105263158,9,1,18,9.736842105263158,11,0.6842105263157895,1,0.08441558441558442,4,8,7,7-8-4,36.84210526315789
Loyola Maryland Greyhounds,Home,0.5434782608695652,10,1,15,12.08695652173913,12,1.2608695652173914,1,0.13004484304932734,5,8,10,10-8-5,43.47826086956522
Maine Black Bears,Away,0.3421052631578948,3,1,15,10.947368421052632,11,0.8947368421052632,1,0.0648854961832061,3,11,5,5-11-3,26.31578947368421
Maine Black Bears,Home,0.5789473684210527,7,0,6,11.368421052631579,10,1.5789473684210527,1,0.0872093023255814,8,4,7,7-4-8,36.84210526315789
Manhattan Jaspers,Away,0.42105263157894735,3,0,8,8.736842105263158,9,1,1,0.10497237569060773,2,10,7,7-10-2,36.84210526315789
Manhattan Jaspers,Home,0.47058823529411764,6,0,8,8.058823529411764,9,1.1176470588235294,1,0.10052910052910052,4,7,6,6-7-4,35.294117647058826
Marist Red Foxes,Away,0.2777777777777778,3,0,16,10.11111111111111,11.5,0.8333333333333333,1,0.06521739130434782,4,11,3,3-11-4,16.666666666666664
Marist Red Foxes,Home,0.6,5,0,8,11.533333333333333,11,1.0666666666666667,1,0.07174887892376682,4,4,7,7-4-4,46.666666666666664
Marquette Golden Eagles,Away,0.425,3,0,17,11.4,11,1.1,1,0.1375,1,11,8,8-11-1,40
Marquette Golden Eagles,Home,0.62,9,0,19,11.84,12,1.6800000000000002,1,0.14,3,8,14,14-8-3,56.00000000000001
Marshall Thundering Herd,Away,0.26,2,0,19,9.48,9,1.16,1,0.11507936507936507,3,17,5,5-17-3,20
Marshall Thundering Herd,Home,0.35,3,1,20,9.25,8,1.55,1,0.12156862745098039,4,11,5,5-11-4,25
"Maryland Terrapins, Terps",Away,0.22727272727272727,3,0,21,7.818181818181818,7,0.7727272727272727,1,0.07623318385650224,4,15,3,3-15-4,13.636363636363635
"Maryland Terrapins, Terps",Home,0.36,7,1,24,8.76,8,1.04,1,0.09701492537313433,8,12,5,5-12-8,20
Massachusetts Minutewomen,Away,0.42857142857142855,6,0,22,9.25,9,1,1,0.0975609756097561,4,14,10,10-14-4,35.714285714285715
Massachusetts Minutewomen,Home,0.625,10,0,14,10.791666666666666,11.5,1.375,1,0.10679611650485436,6,6,12,12-6-6,50
McNeese Cowgirls,Away,0.34615384615384615,5,1,27,8.26923076923077,8,1,1,0.12149532710280374,6,14,6,6-14-6,23.076923076923077
McNeese Cowgirls,Home,0.6739130434782609,10,0,14,7.565217391304348,7,2.130434782608696,2,0.1678082191780822,1,7,15,15-7-1,65.21739130434783
Memphis Tigers,Away,0.4833333333333333,10,1,31,10.7,10.5,1.2,1,0.08845208845208845,5,13,12,12-13-5,40
Memphis Tigers,Home,0.9,18,0,11,11.2,11,2.64,2,0.13778705636743216,3,1,21,21-1-3,84
Mercer Bears,Away,0.41666666666666663,7,0,35,11.666666666666666,11.5,1.0666666666666667,1,0.0862533692722372,9,13,8,8-13-9,26.666666666666668
Mercer Bears,Home,0.6666666666666667,10,1,23,7,7,2.925925925925926,2,0.12619808306709265,4,7,16,16-7-4,59.25925925925925
Merrimack Warriors,Away,0.2608695652173913,4,1,8,8.434782608695652,9,0.8695652173913044,1,0.06230529595015576,2,16,5,5-16-2,21.73913043478261
Merrimack Warriors,Home,0.5952380952380952,5,0,7,8.095238095238095,7,1.619047619047619,1,0.09315068493150686,3,7,11,11-7-3,52.38095238095239
Miami (FL) Hurricanes,Away,0.16666666666666669,3,0,14,7.190476190476191,7,0.6190476190476191,0,0.104,3,16,2,2-16-3,9.523809523809524
Miami (FL) Hurricanes,Home,0.35416666666666663,7,1,22,7.5,8,0.7916666666666667,0,0.12258064516129032,1,15,8,8-15-1,33.33333333333333
Miami (OH) RedHawks,Away,0.5,11,0,14,11,11,1.0384615384615385,1,0.09215017064846416,4,11,11,11-11-4,42.30769230769231
Miami (OH) RedHawks,Home,0.5952380952380952,7,1,12,10.428571428571429,10,1.4285714285714286,2,0.10101010101010101,5,6,10,10-6-5,47.61904761904761
Michigan St. Spartans,Away,0.5192307692307693,8,0,32,11.26923076923077,10,1.3846153846153846,1,0.11920529801324503,3,11,12,12-11-3,46.15384615384615
Michigan St. Spartans,Home,0.6666666666666667,12,0,19,11.703703703703704,12,1.740740740740741,1,0.10444444444444445,4,7,16,16-7-4,59.25925925925925
Michigan Wolverines,Away,0.62,8,2,21,8.52,9,2.08,1,0.1319796954314721,5,7,13,13-7-5,52
Michigan Wolverines,Home,0.6551724137931034,12,0,24,8.068965517241379,8,1.5862068965517242,2,0.0931174089068826,4,8,17,17-8-4,58.620689655172406
Middle Tenn. Blue Raiders,Away,0.41666666666666663,4,0,12,8.666666666666666,8,1.3333333333333335,1,0.12121212121212122,3,9,6,6-9-3,33.33333333333333
Middle Tenn. Blue Raiders,Home,0.375,3,0,15,9.083333333333334,9,1.2916666666666667,1,0.08587257617728532,2,14,8,8-14-2,33.33333333333333
Milwaukee Panthers,Away,0.6666666666666667,12,0,20,8.458333333333334,7.5,1.9166666666666665,2,0.13256484149855907,4,6,14,14-6-4,58.333333333333336
Milwaukee Panthers,Home,0.9285714285714286,22,0,19,10.357142857142858,10,2.892857142857143,2,0.1361344537815126,0,2,26,26-2-0,92.85714285714286
Minnesota Golden Gophers,Away,0.391304347826087,5,0,13,9.826086956521738,10,1.0434782608695652,1,0.09411764705882353,4,12,7,7-12-4,30.434782608695656
Minnesota Golden Gophers,Home,0.66,16,0,11,8.84,9,1.5599999999999998,1,0.0951219512195122,5,6,14,14-6-5,56.00000000000001
Mississippi St. Bulldogs,Away,0.375,7,0,19,9.375,9,0.7083333333333333,0.5,0.06746031746031746,6,12,6,6-12-6,25
Mississippi St. Bulldogs,Home,0.7037037037037037,11,0,27,9.777777777777779,9,1.6296296296296295,2,0.11578947368421053,4,6,17,17-6-4,62.96296296296296
Mississippi Val. Devilettes,Away,0.03846153846153847,1,3,4,5.846153846153846,5,0.23076923076923075,0,0.06976744186046512,1,12,0,0-12-1,0
Mississippi Val. Devilettes,Home,0.04166666666666666,1,6,13,6.583333333333334,7,0.6666666666666667,0,0.17391304347826086,1,11,0,0-11-1,0
Missouri St. Bears,Away,0.4038461538461539,9,0,16,9.961538461538462,10.5,0.9615384615384615,1,0.09505703422053231,5,13,8,8-13-5,30.76923076923077
Missouri St. Bears,Home,0.6,11,0,14,10.56,11,1.16,1,0.09385113268608414,4,8,13,13-8-4,52
Missouri Tigers,Away,0.22500000000000003,1,1,13,9.2,10,1,1,0.08695652173913043,3,14,3,3-14-3,15
Missouri Tigers,Home,0.6071428571428571,7,1,29,10.321428571428571,11,1.5,1,0.11830985915492957,4,9,15,15-9-4,53.57142857142857
Monmouth Hawks,Away,0.7222222222222222,10,0,4,7.333333333333334,7.5,1.6111111111111112,2,0.09863945578231292,4,3,11,11-3-4,61.111111111111114
Monmouth Hawks,Home,0.7833333333333333,13,0,13,7.466666666666666,7,2,2,0.14634146341463414,3,5,22,22-5-3,73.33333333333333
Montana Grizzlies,Away,0.5925925925925926,13,0,15,9.185185185185185,9,0.962962962962963,1,0.08414239482200647,2,10,15,15-10-2,55.55555555555556
Montana Grizzlies,Home,0.6875,12,1,10,9.583333333333334,9,1.9583333333333335,2,0.12566844919786097,5,5,14,14-5-5,58.333333333333336
Morehead St. Eagles,Away,0.1875,2,1,13,9.458333333333334,9,0.5416666666666667,0,0.057777777777777775,3,18,3,3-18-3,12.5
Morehead St. Eagles,Home,0.5681818181818182,11,2,8,8.454545454545455,8.5,0.8181818181818181,1,0.08256880733944955,5,7,10,10-7-5,45.45454545454545
Mount St. Mary's Mountaineers,Away,0.3181818181818182,6,0,23,9,10,1.0909090909090908,1,0.1276595744680851,2,14,6,6-14-2,27.27272727272727
Mount St. Mary's Mountaineers,Home,0.40476190476190477,4,0,12,9.333333333333334,9,1.1428571428571428,1,0.1218274111675127,5,10,6,6-10-5,28.57142857142857
Murray St. Racers,Away,0.4074074074074074,4,1,28,9.296296296296296,9,1.074074074074074,1,0.09863945578231292,2,15,10,10-15-2,37.03703703703704
Murray St. Racers,Home,0.6666666666666667,5,0,23,9.291666666666666,9.5,2.125,1.5,0.14739884393063585,2,7,15,15-7-2,62.5
NC State Wolfpack,Away,0.5,5,0,18,8.956521739130435,9,1.1304347826086958,1,0.11764705882352941,5,9,9,9-9-5,39.130434782608695
NC State Wolfpack,Home,0.5384615384615384,8,0,21,6.730769230769231,6.5,1.3461538461538463,1,0.11864406779661017,4,10,12,12-10-4,46.15384615384615
NIU Huskies,Away,0.30434782608695654,4,1,9,7.913043478260869,8,0.6956521739130435,0,0.0903954802259887,2,15,6,6-15-2,26.08695652173913
NIU Huskies,Home,0.33333333333333337,3,0,14,10.208333333333334,9.5,0.9583333333333333,1,0.10176991150442478,4,14,6,6-14-4,25
NJIT Highlanders,Away,0.3333333333333333,7,1,11,9.047619047619047,9,0.6666666666666667,1,0.08484848484848485,6,11,4,4-11-6,19.047619047619047
NJIT Highlanders,Home,0.4423076923076923,9,1,28,9.846153846153847,10,1.153846153846154,1,0.09554140127388536,3,13,10,10-13-3,38.46153846153847
Navy Midshipmen,Away,0.5,10,0,12,8.6,8,1,1,0.09191176470588236,5,10,10,10-10-5,40
Navy Midshipmen,Home,0.6,7,1,13,8.56,8,1.6400000000000001,1,0.11141304347826086,4,8,13,13-8-4,52
Nebraska Cornhuskers,Away,0.3571428571428571,4,0,13,11.857142857142858,12,1.1428571428571428,0.5,0.09142857142857143,2,8,4,4-8-2,28.57142857142857
Nebraska Cornhuskers,Home,0.4642857142857143,6,0,13,9.857142857142858,10.5,1.4285714285714286,1.5,0.10362694300518134,3,6,5,5-6-3,35.714285714285715
Nebraska Huskers,Away,0.3571428571428571,2,0,7,10.142857142857142,10,1,1,0.07291666666666667,1,4,2,2-4-1,28.57142857142857
Nebraska Huskers,Home,0.6153846153846154,3,0,12,12.384615384615385,13,1.846153846153846,2,0.11374407582938388,4,3,6,6-3-4,46.15384615384615
Nevada Wolf Pack,Away,0.18,4,2,17,9.32,9,0.6399999999999999,0,0.07142857142857142,3,19,3,3-19-3,12
Nevada Wolf Pack,Home,0.38095238095238093,5,0,20,9.380952380952381,9,1.1428571428571428,1,0.13714285714285715,4,11,6,6-11-4,28.57142857142857
New Hampshire Wildcats,Away,0.4130434782608695,6,0,15,8.695652173913043,8,0.9565217391304349,1,0.08088235294117647,5,11,7,7-11-5,30.434782608695656
New Hampshire Wildcats,Home,0.6666666666666667,8,1,10,8,8,1.7142857142857142,1,0.12,2,6,13,13-6-2,61.904761904761905
New Mexico Lobos,Away,0.6379310344827587,9,0,20,9.724137931034482,10,1.6551724137931036,2,0.11735941320293398,7,7,15,15-7-7,51.724137931034484
New Mexico Lobos,Home,0.7708333333333333,10,0,15,10,9,2.041666666666667,2,0.11893203883495146,5,3,16,16-3-5,66.66666666666666
New Mexico St. Aggies,Away,0.3783783783783783,8,0,39,10.756756756756756,11,0.972972972972973,1,0.09302325581395349,2,22,13,13-22-2,35.13513513513514
New Mexico St. Aggies,Home,0.6739130434782609,9,0,16,11.652173913043478,11,1.9130434782608696,2,0.14521452145214522,3,6,14,14-6-3,60.86956521739131
Niagara Purple Eagles,Away,0.5217391304347826,6,2,21,9.782608695652174,9,1.6956521739130437,2,0.13087248322147652,0,11,12,12-11-0,52.17391304347826
Niagara Purple Eagles,Home,0.7894736842105263,7,1,16,12.157894736842104,12,2.210526315789474,2,0.13003095975232198,2,3,14,14-3-2,73.68421052631578
Nicholls Colonels,Away,0.017241379310344827,1,3,26,9.241379310344827,9,0.1379310344827586,0,0.027777777777777776,1,28,0,0-28-1,0
Nicholls Colonels,Home,0.10416666666666667,2,1,27,9.833333333333332,9,0.29166666666666674,0,0.03888888888888889,1,21,2,2-21-1,8.333333333333332
North Ala. Lions,Away,0.16,5,0,15,7.88,7,0.36000000000000004,0,0.05113636363636364,6,18,1,1-18-6,4
North Ala. Lions,Home,0.391304347826087,5,1,8,8.652173913043478,8,1.2608695652173914,1,0.10622710622710622,4,12,7,7-12-4,30.434782608695656
North Carolina Tar Heels,Away,0.8142857142857143,21,2,31,9.342857142857143,9,2.4571428571428573,2,0.15061295971978983,1,6,28,28-6-1,80
North Carolina Tar Heels,Home,0.8103448275862069,16,1,20,8.655172413793103,8,2.2413793103448274,2,0.12476007677543186,3,4,22,22-4-3,75.86206896551724
North Dakota Fighting Hawks,Away,0.2678571428571429,6,0,23,10.642857142857142,9,0.8214285714285715,0,0.07796610169491526,5,18,5,5-18-5,17.857142857142858
North Dakota Fighting Hawks,Home,0.4347826086956522,8,1,15,9.695652173913043,10,0.9130434782608695,1,0.08267716535433071,0,13,10,10-13-0,43.47826086956522
North Dakota St. Bison,Away,0.2678571428571429,5,0,14,9.071428571428571,9,0.7142857142857142,0,0.08130081300813008,3,19,6,6-19-3,21.428571428571427
North Dakota St. Bison,Home,0.5416666666666666,7,0,14,8.625,9.5,1.5,1.5,0.1276595744680851,2,10,12,12-10-2,50
North Florida Ospreys,Away,0.5227272727272727,7,0,9,9.681818181818182,10,1.0909090909090908,1,0.09266409266409266,3,9,10,10-9-3,45.45454545454545
North Florida Ospreys,Home,0.7045454545454546,13,1,10,9.681818181818182,9,1.2727272727272727,1,0.10108303249097472,5,4,13,13-4-5,59.09090909090909
North Texas Mean Green,Away,0.58,9,1,18,11.28,11,1.76,1,0.09713024282560706,3,9,13,13-9-3,52
North Texas Mean Green,Home,0.6956521739130435,11,0,17,10,10,2.5217391304347827,3,0.11439842209072978,4,5,14,14-5-4,60.86956521739131
Northeastern Huskies,Away,0.5,12,0,31,8.821428571428571,9,1.1071428571428568,1,0.11969111969111969,2,13,13,13-13-2,46.42857142857143
Northeastern Huskies,Home,0.5909090909090909,11,0,15,9.09090909090909,9,1.4090909090909092,1,0.11071428571428571,4,7,11,11-7-4,50
Northern Ariz. Lumberjacks,Away,0.4642857142857143,9,0,26,9.928571428571429,8.5,1.2857142857142858,1,0.0962566844919786,4,13,11,11-13-4,39.285714285714285
Northern Ariz. Lumberjacks,Home,0.6428571428571429,11,0,14,9.952380952380953,10,2.142857142857143,2,0.11363636363636363,3,6,12,12-6-3,57.14285714285714
Northern Colo. Bears,Away,0.3260869565217391,6,0,9,7.826086956521739,7,0.9130434782608695,1,0.08536585365853659,3,14,6,6-14-3,26.08695652173913
Northern Colo. Bears,Home,0.5652173913043479,6,0,11,7.608695652173913,7,1.9130434782608696,1,0.14057507987220447,4,8,11,11-8-4,47.82608695652174
Northern Ky. Norse,Away,0.5227272727272728,8,0,26,10.272727272727273,10,0.909090909090909,1,0.08032128514056225,1,10,11,11-10-1,50
Northern Ky. Norse,Home,0.47916666666666663,9,0,11,9.708333333333334,9.5,1.1666666666666665,1,0.11067193675889328,5,10,9,9-10-5,37.5
Northwestern St. Lady Demons,Away,0.6875,16,0,24,8.125,8,1.5625,1,0.13123359580052493,6,7,19,19-7-6,59.375
Northwestern St. Lady Demons,Home,0.6666666666666666,13,1,15,7.666666666666667,7,1.8571428571428572,1,0.1196319018404908,2,6,13,13-6-2,61.904761904761905
Northwestern Wildcats,Away,0.5344827586206897,8,0,20,9.862068965517242,9,1.3793103448275863,1,0.11940298507462686,3,12,14,14-12-3,48.275862068965516
Northwestern Wildcats,Home,0.6458333333333334,11,0,8,8.75,7.5,1.5833333333333333,1,0.14615384615384616,1,8,15,15-8-1,62.5
Notre Dame Fighting Irish,Away,0.537037037037037,10,0,24,8.777777777777779,9,1.7037037037037037,1,0.11917098445595854,3,11,13,13-11-3,48.148148148148145
Notre Dame Fighting Irish,Home,0.8064516129032258,18,0,20,8.451612903225806,9,2.5806451612903225,2,0.13179571663920922,2,5,24,24-5-2,77.41935483870968
Oakland Golden Grizzlies,Away,0.6538461538461539,11,0,21,9.26923076923077,9.5,1.3461538461538463,1,0.11217948717948718,6,6,14,14-6-6,53.84615384615385
Oakland Golden Grizzlies,Home,0.5,7,0,12,7.333333333333334,6.5,1.6666666666666665,1,0.12121212121212122,4,10,10,10-10-4,41.66666666666667
Ohio Bobcats,Away,0.4807692307692307,8,1,16,8.5,8,1.5,1,0.11854103343465046,3,12,11,11-12-3,42.30769230769231
Ohio Bobcats,Home,0.6363636363636364,10,1,15,7.954545454545455,8,1.6818181818181819,1,0.12627986348122866,2,7,13,13-7-2,59.09090909090909
Ohio St. Buckeyes,Away,0.5769230769230769,7,2,17,9.5,9,1.692307692307692,1,0.12535612535612536,4,9,13,13-9-4,50
Ohio St. Buckeyes,Home,0.6071428571428571,8,1,15,9.714285714285714,9,1.7857142857142858,2,0.11185682326621924,4,9,15,15-9-4,53.57142857142857
Oklahoma Sooners,Away,0.30645161290322576,6,0,44,11.387096774193548,11,1.1612903225806452,1,0.09399477806788512,1,21,9,9-21-1,29.03225806451613
Oklahoma Sooners,Home,0.47916666666666663,3,3,40,11.666666666666666,12,1.4583333333333335,1,0.10144927536231885,5,10,9,9-10-5,37.5
Oklahoma St. Cowgirls,Away,0.6071428571428571,14,2,22,9.142857142857142,9,1.5714285714285716,1,0.11956521739130435,6,8,14,14-8-6,50
Oklahoma St. Cowgirls,Home,0.7592592592592593,12,0,18,10.407407407407407,11,1.962962962962963,2,0.1318407960199005,3,5,19,19-5-3,70.37037037037037
Old Dominion Monarchs,Away,0.5833333333333334,16,0,23,9.133333333333333,9,1.0333333333333334,1,0.08072916666666667,1,12,17,17-12-1,56.666666666666664
Old Dominion Monarchs,Home,0.5476190476190477,8,0,19,9.428571428571429,11,1.2380952380952381,1,0.09187279151943463,5,7,9,9-7-5,42.857142857142854
Ole Miss Rebels,Away,0.55,11,1,25,9.833333333333334,9,1.3333333333333335,1,0.12307692307692308,5,11,14,14-11-5,46.666666666666664
Ole Miss Rebels,Home,0.6551724137931034,12,0,17,8.413793103448276,8,1.7586206896551724,1,0.11971830985915492,4,8,17,17-8-4,58.620689655172406
Omaha Mavericks,Away,0.4393939393939394,12,1,15,8.424242424242424,8,0.7272727272727273,1,0.08571428571428572,5,16,12,12-16-5,36.36363636363637
Omaha Mavericks,Home,0.6153846153846154,15,0,9,8.423076923076923,8.5,1.076923076923077,1,0.08163265306122448,8,6,12,12-6-8,46.15384615384615
Oral Roberts Golden Eagles,Away,0.2592592592592592,4,0,25,9,9,0.962962962962963,1,0.10276679841897234,4,18,5,5-18-4,18.51851851851852
Oral Roberts Golden Eagles,Home,0.5,8,0,16,9.535714285714286,10,1.857142857142857,1,0.12440191387559808,2,13,13,13-13-2,46.42857142857143
Oregon Ducks,Away,0.5192307692307693,10,1,20,9.538461538461538,9,1,1,0.09187279151943463,11,7,8,8-7-11,30.76923076923077
Oregon Ducks,Home,0.5178571428571429,9,2,28,10.357142857142858,9.5,1.25,1,0.12367491166077739,7,10,11,11-10-7,39.285714285714285
Oregon St. Beavers,Away,0.3793103448275862,5,3,21,9.03448275862069,9,1.5862068965517242,2,0.15862068965517243,4,16,9,9-16-4,31.03448275862069
Oregon St. Beavers,Home,0.48,4,0,21,10.68,10,1.4,1,0.11075949367088607,2,12,11,11-12-2,44
Pacific Tigers,Away,0.5,7,0,16,10.423076923076923,10,1.1538461538461537,1,0.10204081632653061,8,9,9,9-9-8,34.61538461538461
Pacific Tigers,Home,0.52,10,0,18,11.48,12,1.04,1,0.08227848101265822,8,8,9,9-8-8,36
Penn Quakers,Away,0.19230769230769232,0,0,8,9.461538461538462,9,0.5384615384615384,1,0.056910569105691054,5,8,0,0-8-5,0
Penn Quakers,Home,0.7368421052631579,9,0,10,9.052631578947368,8,1.8947368421052633,2,0.14814814814814814,4,3,12,12-3-4,63.1578947368421
Penn St. Nittany Lions,Away,0.59375,12,0,23,6.65625,6.5,1.6875,2,0.14136125654450263,4,11,17,17-11-4,53.125
Penn St. Nittany Lions,Home,0.8035714285714286,11,0,14,5.535714285714286,5,2.75,3,0.17620137299771166,1,5,22,22-5-1,78.57142857142857
Pepperdine Waves,Away,0.7241379310344828,16,0,18,9.137931034482758,9,1.9310344827586206,1,0.11991434689507495,4,6,19,19-6-4,65.51724137931035
Pepperdine Waves,Home,0.6304347826086957,12,1,13,9.043478260869565,8,2.652173913043478,3,0.14950980392156862,3,7,13,13-7-3,56.52173913043478
Pittsburgh Panthers,Away,0.5862068965517241,9,0,16,9.068965517241379,9,1.8620689655172415,1,0.13636363636363635,2,11,16,16-11-2,55.172413793103445
Pittsburgh Panthers,Home,0.7592592592592593,15,0,10,8.407407407407407,7,2.6296296296296298,2,0.1392156862745098,1,6,20,20-6-1,74.07407407407408
Portland Pilots,Away,0.3695652173913044,10,0,13,9.304347826086957,10,0.7391304347826088,1,0.07657657657657657,3,13,7,7-13-3,30.434782608695656
Portland Pilots,Home,0.76,14,2,15,9.08,9,1.92,2,0.14906832298136646,4,4,17,17-4-4,68
Portland St. Vikings,Away,0.19444444444444445,2,0,14,11.11111111111111,11,0.6666666666666667,1,0.06666666666666667,3,13,2,2-13-3,11.11111111111111
Portland St. Vikings,Home,0.375,3,0,30,10,10,1.125,1,0.08852459016393442,4,13,7,7-13-4,29.166666666666668
Prairie View Lady Panthers,Away,0.5294117647058824,3,0,11,7.352941176470588,7,1.5882352941176472,1,0.10266159695817491,0,8,9,9-8-0,52.94117647058824
Prairie View Lady Panthers,Home,0.45652173913043476,7,0,24,6.6521739130434785,6,1.434782608695652,1,0.12595419847328243,3,11,9,9-11-3,39.130434782608695
Presbyterian Blue Hose,Away,0.15909090909090912,2,0,6,6.7272727272727275,6,0.6818181818181819,0,0.07692307692307693,3,17,2,2-17-3,9.090909090909092
Presbyterian Blue Hose,Home,0.2954545454545455,6,0,17,7.818181818181818,8,0.8181818181818181,1,0.08256880733944955,1,15,6,6-15-1,27.27272727272727
Princeton Tigers,Away,0.5882352941176471,7,0,14,10.823529411764707,11,1.5882352941176472,1,0.11688311688311688,2,6,9,9-6-2,52.94117647058824
Princeton Tigers,Home,0.7894736842105263,10,0,12,10.31578947368421,10,2.1578947368421053,2,0.11452513966480447,0,4,15,15-4-0,78.94736842105263
Providence Friars,Away,0.4,6,0,20,10.84,10,0.92,1,0.07931034482758621,6,12,7,7-12-6,28.000000000000004
Providence Friars,Home,0.6599999999999999,10,0,7,9.16,9,1.7999999999999998,1,0.10843373493975904,5,6,14,14-6-5,56.00000000000001
Purdue Boilermakers,Away,0.34782608695652173,2,1,12,8.391304347826088,8,1,1,0.10043668122270742,4,13,6,6-13-4,26.08695652173913
Purdue Boilermakers,Home,0.6428571428571429,10,0,10,11,10,1.5,1,0.10687022900763359,4,8,16,16-8-4,57.14285714285714
Purdue Fort Wayne Mastodons,Away,0.34615384615384615,3,0,22,10.192307692307692,9,0.9615384615384615,1,0.09363295880149813,8,13,5,5-13-8,19.230769230769234
Purdue Fort Wayne Mastodons,Home,0.6904761904761905,10,0,17,11.333333333333334,12,1.2857142857142858,1,0.09407665505226481,5,4,12,12-4-5,57.14285714285714
Queens (NC) Royals,Away,0.33333333333333337,3,0,3,6.777777777777778,7,0.4444444444444444,0,0.06666666666666667,4,4,1,1-4-4,11.11111111111111
Queens (NC) Royals,Home,0.3571428571428571,3,1,3,9.714285714285714,9,0.5714285714285714,1,0.05555555555555555,1,4,2,2-4-1,28.57142857142857
Quinnipiac Bobcats,Away,0.6,7,1,24,10.85,10.5,1.85,2,0.1574468085106383,2,7,11,11-7-2,55.00000000000001
Quinnipiac Bobcats,Home,0.86,14,0,37,11.96,11,2.7199999999999998,3,0.15011037527593818,1,3,21,21-3-1,84
Radford Highlanders,Away,0.6521739130434783,11,0,23,8.91304347826087,8,1.9130434782608696,2,0.11989100817438691,4,6,13,13-6-4,56.52173913043478
Radford Highlanders,Home,0.7407407407407407,15,0,14,8.185185185185185,7,2.740740740740741,2,0.15948275862068967,2,6,19,19-6-2,70.37037037037037
Rhode Island Rams,Away,0.21428571428571427,3,0,19,10.535714285714286,11,0.7142857142857143,0,0.06896551724137931,4,20,4,4-20-4,14.285714285714285
Rhode Island Rams,Home,0.5263157894736842,7,0,12,10.578947368421053,11,0.8947368421052632,1,0.07488986784140969,6,6,7,7-6-6,36.84210526315789
Rice Owls,Away,0.5208333333333333,6,0,17,9.708333333333334,9.5,1.2916666666666667,1,0.13596491228070176,3,10,11,11-10-3,45.83333333333333
Rice Owls,Home,0.78125,17,1,18,9.40625,8.5,1.90625,2,0.12525667351129363,2,6,24,24-6-2,75
Richmond Spiders,Away,0.23913043478260873,4,0,9,8.478260869565217,7,0.826086956521739,1,0.07509881422924901,5,15,3,3-15-5,13.043478260869565
Richmond Spiders,Home,0.425,8,1,21,9.55,10,0.8,1,0.08290155440414508,1,11,8,8-11-1,40
Rider Broncs,Away,0.3695652173913044,4,0,12,7.130434782608695,8,1.2608695652173911,1,0.1111111111111111,3,13,7,7-13-3,30.434782608695656
Rider Broncs,Home,0.6,6,0,13,7.05,7,1.4,1.5,0.12727272727272726,4,6,10,10-6-4,50
Robert Morris Colonials,Away,0.30952380952380953,1,1,11,5.571428571428571,6,1.0476190476190477,1,0.0763888888888889,3,13,5,5-13-3,23.809523809523807
Robert Morris Colonials,Home,0.44000000000000006,6,0,14,6.36,6,1.48,1,0.09462915601023018,4,12,9,9-12-4,36
Rutgers Scarlet Knights,Away,0.5892857142857143,12,0,20,7.25,7,1.5357142857142856,1,0.10913705583756345,5,9,14,14-9-5,50
Rutgers Scarlet Knights,Home,0.8636363636363636,17,0,19,7.878787878787879,7,2.4545454545454546,2,0.1396551724137931,3,3,27,27-3-3,81.81818181818183
SFA Ladyjacks,Away,0.33870967741935487,5,0,16,7.838709677419355,8,1.3870967741935485,1,0.12285714285714286,3,19,9,9-19-3,29.03225806451613
SFA Ladyjacks,Home,0.72,10,0,7,6.92,7,1.72,2,0.1096938775510204,2,6,17,17-6-2,68
SIUE Cougars,Away,0.5666666666666667,12,0,20,11.766666666666667,12,1.6000000000000003,1.5,0.11566265060240964,2,12,16,16-12-2,53.333333333333336
SIUE Cougars,Home,0.6842105263157895,8,0,8,10.105263157894736,9,2,2,0.11987381703470032,4,4,11,11-4-4,57.89473684210527
SMU Mustangs,Away,0.575,7,0,17,8,8.5,1.5,1,0.15625,5,6,9,9-6-5,45
SMU Mustangs,Home,0.75,11,1,18,8.15,8,1.5,2,0.11450381679389313,2,4,14,14-4-2,70
Sacramento St. Hornets,Away,0.31481481481481477,4,0,18,10.37037037037037,10,0.7777777777777778,1,0.08235294117647059,5,16,6,6-16-5,22.22222222222222
Sacramento St. Hornets,Home,0.42857142857142855,5,2,27,11.333333333333334,12,0.9523809523809523,1,0.10362694300518134,6,9,6,6-9-6,28.57142857142857
Sacred Heart Pioneers,Away,0.38461538461538464,6,0,16,8.846153846153847,9,1.1153846153846156,1,0.10320284697508897,6,13,7,7-13-6,26.923076923076923
Sacred Heart Pioneers,Home,0.7380952380952381,10,1,8,8.095238095238095,9,1.9047619047619047,1,0.12048192771084337,3,4,14,14-4-3,66.66666666666666
Saint Francis (PA) The Red Flash,Away,0.10526315789473684,2,1,9,6.947368421052632,7,0.4736842105263158,0,0.07377049180327869,0,17,2,2-17-0,10.526315789473683
Saint Francis (PA) The Red Flash,Home,0.625,4,0,5,6.9375,5.5,1.375,1,0.15942028985507245,2,5,9,9-5-2,56.25
Saint Joseph's Hawks,Away,0.3076923076923077,9,0,13,9.23076923076923,9.5,0.6538461538461539,0,0.07203389830508475,4,16,6,6-16-4,23.076923076923077
Saint Joseph's Hawks,Home,0.42592592592592593,7,0,13,9.88888888888889,9,1.1111111111111112,1,0.11029411764705882,7,12,8,8-12-7,29.629629629629626
Saint Louis Billikens,Away,0.7758620689655172,15,0,15,9.275862068965518,9,2.3793103448275863,2,0.15753424657534246,1,6,22,22-6-1,75.86206896551724
Saint Louis Billikens,Home,0.803030303030303,19,1,22,10.333333333333334,10,2.090909090909091,2,0.11480865224625623,1,6,26,26-6-1,78.78787878787878
Saint Mary's (CA) Gaels,Away,0.47619047619047616,9,1,12,10.333333333333332,10,1,1,0.09767441860465116,6,8,7,7-8-6,33.33333333333333
Saint Mary's (CA) Gaels,Home,0.6153846153846154,10,0,17,10.192307692307692,9.5,1.346153846153846,1,0.11326860841423948,8,6,12,12-6-8,46.15384615384615
Saint Peter's Peacocks,Away,0.13157894736842107,1,1,16,11.31578947368421,11,0.5263157894736843,0,0.06289308176100629,1,16,2,2-16-1,10.526315789473683
Saint Peter's Peacocks,Home,0.26315789473684215,5,1,15,11.157894736842104,11,0.631578947368421,1,0.07407407407407407,0,14,5,5-14-0,26.31578947368421
Sam Houston Bearkats,Away,0.2857142857142858,6,1,13,7.678571428571429,7,0.7857142857142858,0,0.07432432432432433,2,19,7,7-19-2,25
Sam Houston Bearkats,Home,0.575,6,1,6,6.85,8,1.4,1.5,0.1346153846153846,1,8,11,11-8-1,55.00000000000001
Samford Bulldogs,Away,0.6785714285714286,13,0,25,10.892857142857142,11,1.5357142857142858,1,0.11466666666666667,6,6,16,16-6-6,57.14285714285714
Samford Bulldogs,Home,0.7758620689655172,14,0,26,12.482758620689655,12,2.2068965517241375,2,0.12981744421906694,7,3,19,19-3-7,65.51724137931035
San Diego St. Aztecs,Away,0.4074074074074074,8,2,28,9.25925925925926,9,1.2222222222222223,1,0.09482758620689655,6,13,8,8-13-6,29.629629629629626
San Diego St. Aztecs,Home,0.64,10,1,25,10.44,10,1.6,2,0.11019283746556474,4,7,14,14-7-4,56.00000000000001
San Diego Toreros,Away,0.1818181818181818,4,0,15,9.454545454545455,9.5,0.45454545454545453,0,0.05319148936170213,4,16,2,2-16-4,9.090909090909092
San Diego Toreros,Home,0.35416666666666663,4,0,16,9.083333333333334,9,0.9166666666666667,0.5,0.07857142857142857,3,14,7,7-14-3,29.166666666666668
San Francisco Dons,Away,0.46,6,1,24,10.08,10,1.16,1,0.09177215189873418,5,11,9,9-11-5,36
San Francisco Dons,Home,0.5681818181818182,10,0,21,11.409090909090908,11.5,1.2272727272727273,1,0.10465116279069768,5,7,10,10-7-5,45.45454545454545
San Jose St. Spartans,Away,0.2962962962962963,5,3,29,11.148148148148149,11,0.6666666666666667,1,0.06666666666666667,6,16,5,5-16-6,18.51851851851852
San Jose St. Spartans,Home,0.5625,11,0,12,10.25,9.5,0.875,1,0.07692307692307693,3,9,12,12-9-3,50
Santa Clara Broncos,Away,0.6875,8,1,31,9.6875,10,1.65625,2,0.12018140589569161,4,8,20,20-8-4,62.5
Santa Clara Broncos,Home,0.7291666666666666,16,0,20,9.916666666666666,9,2,2,0.11455847255369929,3,5,16,16-5-3,66.66666666666666
Seattle U Redhawks,Away,0.5,9,1,23,9.2,8.5,1.2666666666666666,1,0.1130952380952381,4,13,13,13-13-4,43.333333333333336
Seattle U Redhawks,Home,0.6964285714285714,14,1,23,9.571428571428571,10.5,2.3214285714285716,1.5,0.15402843601895735,5,6,17,17-6-5,60.71428571428571
Seton Hall Pirates,Away,0.2608695652173913,3,0,17,9.608695652173914,9,0.5652173913043479,0,0.06806282722513089,0,17,6,6-17-0,26.08695652173913
Seton Hall Pirates,Home,0.35416666666666663,7,0,22,9.125,8.5,0.9583333333333334,0.5,0.08745247148288973,3,14,7,7-14-3,29.166666666666668
Siena Saints,Away,0.36363636363636365,4,0,10,8.045454545454545,8,1.0454545454545454,1,0.0931174089068826,2,13,7,7-13-2,31.818181818181817
Siena Saints,Home,0.54,9,0,19,10.24,10,1.3199999999999998,1,0.11301369863013698,7,8,10,10-8-7,40
South Alabama Jaguars,Away,0.625,16,1,28,7.325,7,2.1,1,0.14634146341463414,8,11,21,21-11-8,52.5
South Alabama Jaguars,Home,0.7291666666666667,13,0,12,6.083333333333333,6,2.7916666666666665,2,0.18457300275482094,3,5,16,16-5-3,66.66666666666666
South Carolina Gamecocks,Away,0.6527777777777778,12,0,22,7.25,7,1.6944444444444444,1.5,0.14628297362110312,1,12,23,23-12-1,63.888888888888886
South Carolina Gamecocks,Home,0.75,16,0,13,7.038461538461538,6.5,1.7307692307692308,1.5,0.12228260869565218,5,4,17,17-4-5,65.38461538461539
South Carolina St. Lady Bulldogs,Away,0.14705882352941174,1,0,4,4.882352941176471,4,1.0588235294117647,0,0.11538461538461539,1,14,2,2-14-1,11.76470588235294
South Carolina St. Lady Bulldogs,Home,0.0588235294117647,1,0,1,3.0588235294117645,3,1.2941176470588236,0,0.15492957746478872,0,16,1,1-16-0,5.88235294117647
South Dakota Coyotes,Away,0.3928571428571429,9,0,15,10.464285714285714,11,1.1785714285714284,1,0.1274131274131274,8,13,7,7-13-8,25
South Dakota Coyotes,Home,0.6799999999999999,10,0,10,8.44,9,2.12,2,0.1531791907514451,2,7,16,16-7-2,64
South Dakota St. Jackrabbits,Away,0.7833333333333333,17,0,14,8.3,7.5,1.8333333333333335,1.5,0.13819095477386933,5,4,21,21-4-5,70
South Dakota St. Jackrabbits,Home,0.8571428571428571,17,0,19,7.5,7,2.1428571428571432,2,0.1431980906921241,6,1,21,21-1-6,75
South Fla. Bulls,Away,0.65,9,1,29,10,9,1.25,1,0.09433962264150944,2,6,12,12-6-2,60
South Fla. Bulls,Home,0.6724137931034483,12,1,22,6.241379310344827,6,1.4482758620689655,1,0.08731808731808732,3,8,18,18-8-3,62.06896551724138
Southeast Mo. St. Redhawks,Away,0.42592592592592593,7,2,15,9.925925925925926,10,0.8888888888888888,1,0.1340782122905028,1,15,11,11-15-1,40.74074074074074
Southeast Mo. St. Redhawks,Home,0.6428571428571429,11,0,11,10.428571428571429,9,1.1428571428571428,1,0.0933852140077821,5,5,11,11-5-5,52.38095238095239
Southeastern La. Lady Lions,Away,0.45161290322580644,11,1,26,7.935483870967741,7,0.967741935483871,1,0.09554140127388536,6,14,11,11-14-6,35.483870967741936
Southeastern La. Lady Lions,Home,0.65,7,0,10,7.45,7,2.2,2,0.17120622568093385,4,5,11,11-5-4,55.00000000000001
Southern California Trojans,Away,0.6296296296296297,11,0,14,8.88888888888889,9,1.962962962962963,2,0.11157894736842106,8,6,13,13-6-8,48.148148148148145
Southern California Trojans,Home,0.84,11,0,15,8.64,9,2.52,2,0.15517241379310345,2,3,20,20-3-2,80
Southern Ill. Salukis,Away,0.2619047619047619,5,1,9,8.333333333333334,9,0.5714285714285715,0,0.0670391061452514,3,14,4,4-14-3,19.047619047619047
Southern Ill. Salukis,Home,0.30952380952380953,5,2,16,8.285714285714286,8,0.6666666666666666,0,0.07179487179487179,5,12,4,4-12-5,19.047619047619047
Southern Ind. Screaming Eagles,Away,0.36363636363636365,4,1,8,9.090909090909092,8,0.5454545454545454,0,0.05309734513274336,4,5,2,2-5-4,18.181818181818183
Southern Ind. Screaming Eagles,Home,0.5,3,0,1,8.333333333333334,9,1.1666666666666665,0.5,0.1206896551724138,0,3,3,3-3-0,50
Southern Miss. Golden Eagles,Away,0.4423076923076923,8,1,18,8.115384615384615,8,1.2692307692307692,1,0.1064516129032258,5,12,9,9-12-5,34.61538461538461
Southern Miss. Golden Eagles,Home,0.6388888888888888,5,1,11,7.555555555555555,7.5,1.7777777777777775,1,0.16243654822335024,3,5,10,10-5-3,55.55555555555556
Southern U. Lady Jaguars,Away,0.38,3,2,22,7.720000000000001,7,1,1,0.10504201680672269,3,14,8,8-14-3,32
Southern U. Lady Jaguars,Home,0.475,4,0,5,7.6,7,1.6,1,0.08913649025069638,1,10,9,9-10-1,45
Southern Utah Thunderbirds,Away,0.45000000000000007,8,0,17,8.4,9,1.65,1,0.14285714285714285,4,9,7,7-9-4,35
Southern Utah Thunderbirds,Home,0.39583333333333337,7,1,19,9.416666666666666,9,1.2916666666666665,1,0.11071428571428571,1,14,9,9-14-1,37.5
St. Bonaventure Bonnies,Away,0.30434782608695654,5,0,14,9.73913043478261,9,0.6521739130434783,0,0.0872093023255814,6,13,4,4-13-6,17.391304347826086
St. Bonaventure Bonnies,Home,0.38095238095238093,5,0,6,7.666666666666667,8,0.9047619047619049,1,0.09047619047619047,4,11,6,6-11-4,28.57142857142857
St. Francis Brooklyn Terriers,Away,0.28,5,1,27,10.12,10,1.04,1,0.09811320754716982,6,15,4,4-15-6,16
St. Francis Brooklyn Terriers,Home,0.3888888888888889,2,1,20,10.777777777777779,11,0.8333333333333333,0.5,0.06944444444444445,4,9,5,5-9-4,27.77777777777778
St. John's (NY) Red Storm,Away,0.42857142857142855,9,0,21,9.535714285714286,9,1.3928571428571428,1,0.14233576642335766,6,13,9,9-13-6,32.142857142857146
St. John's (NY) Red Storm,Home,0.75,12,0,15,12.307692307692308,12,1.653846153846154,1,0.15357142857142858,7,3,16,16-3-7,61.53846153846154
St. Thomas (MN) Tommies,Away,0.2058823529411765,2,1,8,9.529411764705882,10,1,1,0.08056872037914692,1,13,3,3-13-1,17.647058823529413
St. Thomas (MN) Tommies,Home,0.5,8,0,7,9.294117647058824,9,1.0588235294117647,1,0.07758620689655173,3,7,7,7-7-3,41.17647058823529
Stanford Cardinal,Away,0.5185185185185185,9,0,17,8.148148148148149,8,1.4074074074074074,1,0.084070796460177,4,11,12,12-11-4,44.44444444444444
Stanford Cardinal,Home,0.8620689655172413,17,0,7,8.413793103448276,8,2.896551724137931,2,0.12804878048780488,2,3,24,24-3-2,82.75862068965517
Stetson Hatters,Away,0.20454545454545453,3,1,23,11.045454545454545,12,0.9090909090909091,1,0.08695652173913043,3,16,3,3-16-3,13.636363636363635
Stetson Hatters,Home,0.45652173913043476,5,1,25,13.695652173913043,13,1.391304347826087,1,0.10526315789473684,1,12,10,10-12-1,43.47826086956522
Stonehill Skyhawks,Away,0.08333333333333331,1,1,7,6.25,6,0.5833333333333333,0,0.07291666666666667,0,11,1,1-11-0,8.333333333333332
Stonehill Skyhawks,Home,0.5833333333333334,2,0,1,8.166666666666666,8,1.3333333333333335,1,0.10810810810810811,1,2,3,3-2-1,50
Stony Brook Seawolves,Away,0.32142857142857145,6,0,15,7.678571428571429,7,1.0357142857142858,1,0.09539473684210527,2,18,8,8-18-2,28.57142857142857
Stony Brook Seawolves,Home,0.7777777777777778,6,0,8,9.222222222222221,9,2.611111111111111,2,0.1760299625468165,4,2,12,12-2-4,66.66666666666666
Syracuse Orange,Away,0.25,3,2,13,8.055555555555555,7.5,0.5,0,0.06,1,13,4,4-13-1,22.22222222222222
Syracuse Orange,Home,0.42000000000000004,5,0,10,7.36,7,1.32,1,0.09428571428571429,3,13,9,9-13-3,36
TCU Horned Frogs,Away,0.7638888888888888,18,0,21,9.027777777777779,9,1.9722222222222223,1.5,0.12157534246575342,5,6,25,25-6-5,69.44444444444444
TCU Horned Frogs,Home,0.8035714285714286,16,1,24,8.285714285714286,8,2.357142857142857,2,0.12177121771217712,5,3,20,20-3-5,71.42857142857143
Tarleton St. Texans,Away,0.35,2,0,7,8.2,9,1.3,1,0.17333333333333334,1,6,3,3-6-1,30
Tarleton St. Texans,Home,0.5,4,1,4,9.375,9,2,1,0.17204301075268819,2,3,3,3-3-2,37.5
Temple Owls,Away,0.3260869565217391,7,0,18,8.130434782608695,7,0.6521739130434782,0,0.10344827586206896,3,14,6,6-14-3,26.08695652173913
Temple Owls,Home,0.3421052631578948,3,0,11,9.210526315789474,8,1.1578947368421053,1,0.1286549707602339,5,10,4,4-10-5,21.052631578947366
Tennessee Tech Golden Eagles,Away,0.5454545454545454,7,0,8,7.681818181818182,8,1.0454545454545454,1,0.10087719298245613,6,7,9,9-7-6,40.909090909090914
Tennessee Tech Golden Eagles,Home,0.5,8,0,8,9,9,1.227272727272727,1,0.10112359550561797,4,9,9,9-9-4,40.909090909090914
Tennessee Volunteers,Away,0.6481481481481481,10,1,28,9.074074074074074,9,2.074074074074074,2,0.1275626423690205,1,9,17,17-9-1,62.96296296296296
Tennessee Volunteers,Home,0.7666666666666667,18,0,15,8.333333333333332,8,2.566666666666667,2,0.1475095785440613,2,6,22,22-6-2,73.33333333333333
Tex. A&M-Commerce Lions,Away,0.5416666666666666,2,0,17,10.166666666666666,11,1.4166666666666667,2,0.13385826771653545,1,5,6,6-5-1,50
Tex. A&M-Commerce Lions,Home,0.4375,2,0,6,8.125,8.5,1.5,1,0.10084033613445378,1,4,3,3-4-1,37.5
Texas A&M Aggies,Away,0.44642857142857145,8,0,28,11.178571428571427,11.5,1.3571428571428572,1,0.10382513661202186,5,13,10,10-13-5,35.714285714285715
Texas A&M Aggies,Home,0.6964285714285715,10,0,17,8.5,9,2.357142857142857,2,0.12941176470588237,3,7,18,18-7-3,64.28571428571429
Texas Longhorns,Away,0.5535714285714286,9,1,18,9.571428571428571,9,1.4642857142857142,1,0.09468822170900693,7,9,12,12-9-7,42.857142857142854
Texas Longhorns,Home,0.8035714285714286,16,0,18,8.25,8,2.6071428571428568,2,0.13543599257884972,3,4,21,21-4-3,75
Texas Southern Lady Tigers,Away,0.2833333333333333,8,0,28,8.533333333333333,9,0.6,0,0.09278350515463918,1,21,8,8-21-1,26.666666666666668
Texas Southern Lady Tigers,Home,0.39285714285714285,2,1,12,6.785714285714286,7,1.2857142857142858,1,0.07894736842105263,5,6,3,3-6-5,21.428571428571427
Texas St. Bobcats,Away,0.38888888888888895,3,0,18,8.296296296296296,8,0.8518518518518517,1,0.0777027027027027,5,14,8,8-14-5,29.629629629629626
Texas St. Bobcats,Home,0.5769230769230769,6,1,13,9.384615384615385,9,1.5,1,0.10182767624020887,0,11,15,15-11-0,57.692307692307686
Texas Tech Red Raiders,Away,0.4038461538461539,6,2,30,8.346153846153847,9,0.8461538461538461,0.5,0.07236842105263158,7,12,7,7-12-7,26.923076923076923
Texas Tech Red Raiders,Home,0.76,16,0,17,8.16,9,2,2,0.1524390243902439,4,4,17,17-4-4,68
"The Citadel Bulldogs, Cadets",Away,0.5185185185185185,9,0,18,9.037037037037036,9,1.4444444444444444,1,0.11048158640226628,2,12,13,13-12-2,48.148148148148145
"The Citadel Bulldogs, Cadets",Home,0.5166666666666666,11,0,27,9.566666666666666,10,2.166666666666667,1,0.13771186440677965,3,13,14,14-13-3,46.666666666666664
Toledo Rockets,Away,0.4375,7,0,19,11.041666666666666,11,1.1666666666666667,1,0.112,9,9,6,6-9-9,25
Toledo Rockets,Home,0.38095238095238093,6,0,17,10.904761904761905,11,1.3333333333333335,1,0.11570247933884298,2,12,7,7-12-2,33.33333333333333
Towson Tigers,Away,0.5238095238095238,8,1,10,9.285714285714286,9,1.1904761904761905,1,0.0946969696969697,6,7,8,8-7-6,38.095238095238095
Towson Tigers,Home,0.64,13,0,17,9.28,9,1.76,2,0.10451306413301663,4,7,14,14-7-4,56.00000000000001
Troy Trojans,Away,0.25862068965517243,3,3,26,9.241379310344827,9,0.7931034482758621,1,0.09055118110236221,3,20,6,6-20-3,20.689655172413794
Troy Trojans,Home,0.475,8,0,12,8.8,8.5,1.1,1,0.09649122807017543,3,9,8,8-9-3,40
Tulsa Golden Hurricane,Away,0.3636363636363636,4,0,16,8.954545454545455,9,1.1363636363636362,0,0.10416666666666667,2,13,7,7-13-2,31.818181818181817
Tulsa Golden Hurricane,Home,0.475,6,0,24,11.15,11.5,1.65,1,0.12406015037593984,3,9,8,8-9-3,40
UAB Blazers,Away,0.41666666666666663,6,1,27,9.766666666666667,10,1.2,1,0.10465116279069768,5,15,10,10-15-5,33.33333333333333
UAB Blazers,Home,0.7272727272727273,9,0,18,10.045454545454545,9,1.9090909090909092,2,0.13861386138613863,4,4,14,14-4-4,63.63636363636363
UAlbany Great Danes,Away,0.42000000000000004,4,3,18,11.24,11,1.12,1,0.07526881720430108,5,12,8,8-12-5,32
UAlbany Great Danes,Home,0.5217391304347826,7,1,13,11.652173913043478,11,1.3478260869565217,1,0.08959537572254335,4,9,10,10-9-4,43.47826086956522
UC Davis Aggies,Away,0.575,8,0,19,9.75,9,1.4,1,0.10606060606060606,1,8,11,11-8-1,55.00000000000001
UC Davis Aggies,Home,0.5588235294117647,2,0,8,8.235294117647058,8,1.5294117647058822,2,0.11063829787234042,3,6,8,8-6-3,47.05882352941176
UC Irvine Anteaters,Away,0.62,9,0,29,10.84,11,1.7200000000000002,1,0.13915857605177995,3,8,14,14-8-3,56.00000000000001
UC Irvine Anteaters,Home,0.7142857142857143,12,2,18,10.238095238095237,11,1.619047619047619,1,0.12142857142857143,4,4,13,13-4-4,61.904761904761905
UC Riverside Highlanders,Away,0.25,1,0,17,9.444444444444445,9,1.1666666666666665,1,0.13043478260869565,3,12,3,3-12-3,16.666666666666664
UC Riverside Highlanders,Home,0.3529411764705882,4,1,10,9.705882352941176,10,1.1764705882352942,1,0.11976047904191617,6,8,3,3-8-6,17.647058823529413
UC San Diego Tritons,Away,0.41666666666666663,5,0,13,8.055555555555555,8,1.1111111111111112,1,0.10810810810810811,5,8,5,5-8-5,27.77777777777778
UC San Diego Tritons,Home,0.25,0,0,9,9.333333333333334,9,0.9444444444444444,1,0.08542713567839195,3,12,3,3-12-3,16.666666666666664
UC Santa Barbara Gauchos,Away,0.3571428571428571,4,1,20,11.571428571428571,10,0.8571428571428571,1,0.08653846153846154,5,11,5,5-11-5,23.809523809523807
UC Santa Barbara Gauchos,Home,0.5263157894736842,7,0,16,10.421052631578947,12,0.9473684210526316,1,0.10285714285714286,4,7,8,8-7-4,42.10526315789473
UCF Knights,Away,0.4772727272727273,8,0,21,8.636363636363637,9,1.3636363636363638,1,0.12605042016806722,7,8,7,7-8-7,31.818181818181817
UCF Knights,Home,0.6842105263157895,10,0,11,7.578947368421053,7,2.0526315789473686,1,0.14391143911439114,2,5,12,12-5-2,63.1578947368421
UCLA Bruins,Away,0.8833333333333333,13,0,22,8.633333333333333,7.5,2.466666666666667,2,0.14741035856573706,3,2,25,25-2-3,83.33333333333334
UCLA Bruins,Home,0.875,18,1,18,8.25,8,2.1875,2,0.13011152416356878,4,2,26,26-2-4,81.25
UConn Huskies,Away,0.47916666666666663,7,0,15,9.5,9,1.2083333333333335,1,0.09477124183006536,5,10,9,9-10-5,37.5
UConn Huskies,Home,0.6875,12,0,15,6.875,6,1.7916666666666665,2,0.11375661375661375,1,7,16,16-7-1,66.66666666666666
UIC Flames,Away,0.22916666666666669,5,0,27,10.458333333333334,9.5,0.41666666666666663,0,0.04424778761061947,5,16,3,3-16-5,12.5
UIC Flames,Home,0.6052631578947368,9,0,23,13.105263157894736,13,1.1578947368421053,1,0.07213114754098361,5,5,9,9-5-5,47.368421052631575
UIW Cardinals,Away,0.4444444444444444,7,1,21,10.037037037037036,10,1,1,0.08571428571428572,4,13,10,10-13-4,37.03703703703704
UIW Cardinals,Home,0.375,6,0,24,9.208333333333334,9,1.375,1,0.09620991253644315,4,13,7,7-13-4,29.166666666666668
ULM Warhawks,Away,0.5,6,1,27,7.161290322580645,7,2,1,0.1225296442687747,3,14,14,14-14-3,45.16129032258064
ULM Warhawks,Home,0.5961538461538461,10,1,21,7.769230769230769,8,1.923076923076923,1.5,0.1091703056768559,1,10,15,15-10-1,57.692307692307686
UMBC Retrievers,Away,0.425,8,0,13,8.95,9,0.9,1,0.09375,5,9,6,6-9-5,30
UMBC Retrievers,Home,0.325,5,2,19,9.75,9,0.75,0,0.08287292817679558,3,12,5,5-12-3,25
UMass Lowell River Hawks,Away,0.3888888888888889,3,0,14,10.61111111111111,10.5,1.0555555555555556,1,0.08370044052863436,4,9,5,5-9-4,27.77777777777778
UMass Lowell River Hawks,Home,0.68,11,0,11,10,10,1.96,2,0.12468193384223919,4,6,15,15-6-4,60
UNC Asheville Bulldogs,Away,0.20454545454545453,1,0,12,7.318181818181818,8,0.9545454545454546,0.5,0.11170212765957446,1,17,4,4-17-1,18.181818181818183
UNC Asheville Bulldogs,Home,0.43181818181818177,6,0,15,8.136363636363637,8,1.272727272727273,1,0.0915032679738562,3,11,8,8-11-3,36.36363636363637
UNC Greensboro Spartans,Away,0.4821428571428571,10,0,24,8.535714285714286,8.5,1.0714285714285716,1,0.10452961672473868,7,11,10,10-11-7,35.714285714285715
UNC Greensboro Spartans,Home,0.4772727272727273,10,0,13,10.227272727272727,10,1.0909090909090908,1,0.096,5,9,8,8-9-5,36.36363636363637
UNCW Seahawks,Away,0.58,6,0,15,9.6,10,1.6,2,0.145985401459854,3,9,13,13-9-3,52
UNCW Seahawks,Home,0.6944444444444444,8,0,9,9.11111111111111,8.5,1.8888888888888888,2,0.18181818181818182,1,5,12,12-5-1,66.66666666666666
UNI Panthers,Away,0.391304347826087,9,0,11,7.695652173913043,8,0.8260869565217391,0,0.07307692307692308,10,9,4,4-9-10,17.391304347826086
UNI Panthers,Home,0.5,9,0,6,5.76,6,1.2799999999999998,1,0.1038961038961039,3,11,11,11-11-3,44
UNLV Lady Rebels,Away,0.3571428571428571,6,1,18,11.142857142857142,10,1.1904761904761905,1,0.10822510822510822,1,13,7,7-13-1,33.33333333333333
UNLV Lady Rebels,Home,0.625,9,0,22,8.392857142857142,8,1.392857142857143,1,0.10893854748603352,5,8,15,15-8-5,53.57142857142857
USC Upstate Spartans,Away,0.4444444444444444,6,1,14,8.222222222222221,8,0.9444444444444444,0.5,0.10119047619047619,2,9,7,7-9-2,38.88888888888889
USC Upstate Spartans,Home,0.47826086956521746,9,0,17,8.043478260869565,8,1.173913043478261,1,0.08970099667774087,4,10,9,9-10-4,39.130434782608695
UT Martin Skyhawks,Away,0.5434782608695652,11,0,12,9.521739130434783,10,0.9130434782608695,1,0.09012875536480687,5,8,10,10-8-5,43.47826086956522
UT Martin Skyhawks,Home,0.5,5,0,12,9.5,9,1.6666666666666665,1,0.11299435028248588,2,11,11,11-11-2,45.83333333333333
UTEP Miners,Away,0.15384615384615385,3,0,19,9.192307692307692,9,0.6538461538461539,0.5,0.11038961038961038,0,22,4,4-22-0,15.384615384615385
UTEP Miners,Home,0.5,6,1,17,8.578947368421053,8,0.9473684210526316,1,0.10909090909090909,5,7,7,7-7-5,36.84210526315789
UTRGV Vaqueros,Away,0.3571428571428571,6,5,27,8.607142857142858,8,0.8214285714285716,1,0.08013937282229965,0,18,10,10-18-0,35.714285714285715
UTRGV Vaqueros,Home,0.4310344827586207,11,0,22,8.793103448275861,8,1.0344827586206897,1,0.09202453987730061,7,13,9,9-13-7,31.03448275862069
UTSA Roadrunners,Away,0.46428571428571425,9,0,23,10.357142857142858,9.5,1.0357142857142858,1,0.08682634730538923,4,13,11,11-13-4,39.285714285714285
UTSA Roadrunners,Home,0.6875,11,1,17,11.25,12,1.9583333333333335,2,0.1298342541436464,5,5,14,14-5-5,58.333333333333336
Utah St. Aggies,Away,0.4444444444444444,11,0,28,11.62962962962963,11,0.9259259259259259,1,0.08223684210526316,8,11,8,8-11-8,29.629629629629626
Utah St. Aggies,Home,0.7692307692307693,11,1,20,10.423076923076923,10.5,1.8846153846153846,2,0.12128712871287128,4,4,18,18-4-4,69.23076923076923
Utah Tech Trailblazers,Away,0.3928571428571429,7,0,14,10.321428571428571,10,1.1071428571428572,1,0.11272727272727273,4,15,9,9-15-4,32.142857142857146
Utah Tech Trailblazers,Home,0.42000000000000004,6,0,6,9.36,10,1.24,1,0.11397058823529412,1,14,10,10-14-1,40
Utah Utes,Away,0.25925925925925924,4,3,21,8.518518518518519,9,0.7407407407407407,1,0.06389776357827476,8,16,3,3-16-8,11.11111111111111
Utah Utes,Home,0.5535714285714286,10,1,20,8.5,8.5,1.25,1,0.10416666666666667,5,10,13,13-10-5,46.42857142857143
Utah Valley Wolverines,Away,0.5769230769230769,12,4,33,10.076923076923077,10,1.7692307692307692,1,0.10815047021943573,5,14,20,20-14-5,51.28205128205128
Utah Valley Wolverines,Home,0.8148148148148148,16,0,10,8.25925925925926,9,2.4444444444444446,2,0.13692946058091288,4,3,20,20-3-4,74.07407407407408
VCU Rams,Away,0.7142857142857143,8,0,8,8,7,1.5238095238095237,2,0.12698412698412698,4,4,13,13-4-4,61.904761904761905
VCU Rams,Home,0.6428571428571429,11,0,15,8.821428571428571,9,1.3928571428571428,1,0.08863636363636364,6,7,15,15-7-6,53.57142857142857
VMI,Away,0.1206896551724138,2,0,27,9.413793103448276,9,0.9655172413793103,1,0.12017167381974249,3,24,2,2-24-3,6.896551724137931
VMI,Home,0.1818181818181818,2,1,16,9.863636363636363,9.5,0.6818181818181819,0,0.06944444444444445,2,17,3,3-17-2,13.636363636363635
Valparaiso Beacons,Away,0.54,11,1,14,9.4,9,0.8,1,0.07434944237918216,7,8,10,10-8-7,40
Valparaiso Beacons,Home,0.5769230769230769,11,0,16,11.346153846153847,11.5,1.5,1,0.09397590361445783,4,9,13,13-9-4,50
Vanderbilt Commodores,Away,0.5666666666666667,9,1,27,9.266666666666667,9,1.7,1,0.15454545454545454,4,11,15,15-11-4,50
Vanderbilt Commodores,Home,0.6153846153846154,10,0,24,9.423076923076923,10,1.9615384615384615,1.5,0.1513353115727003,4,8,14,14-8-4,53.84615384615385
Vermont Catamounts,Away,0.4782608695652174,6,0,16,8.652173913043478,8,1.5217391304347827,1,0.11784511784511785,2,11,10,10-11-2,43.47826086956522
Vermont Catamounts,Home,0.4722222222222222,6,0,10,8.38888888888889,9,1.2777777777777777,1,0.08550185873605948,3,8,7,7-8-3,38.88888888888889
Villanova Wildcats,Away,0.22916666666666669,2,1,24,8.708333333333334,8.5,0.75,0,0.09944751381215469,1,18,5,5-18-1,20.833333333333336
Villanova Wildcats,Home,0.46,6,0,11,9.4,9,0.96,1,0.09230769230769231,5,11,9,9-11-5,36
Virginia Cavaliers,Away,0.7361111111111112,17,0,8,5.861111111111111,5.5,1.6666666666666667,1,0.11928429423459244,5,7,24,24-7-5,66.66666666666666
Virginia Cavaliers,Home,0.8225806451612904,17,0,10,5.548387096774194,5,3.032258064516129,2,0.1448382126348228,3,4,24,24-4-3,77.41935483870968
Virginia Tech Hokies,Away,0.4655172413793104,5,1,35,10.172413793103448,9,1.6551724137931034,1,0.1352112676056338,1,15,13,13-15-1,44.827586206896555
Virginia Tech Hokies,Home,0.6851851851851852,11,1,28,11.777777777777779,12,2.259259259259259,2,0.15601023017902813,3,7,17,17-7-3,62.96296296296296
Wagner Seahawks,Away,0.19047619047619047,2,0,12,9.238095238095237,9,0.5714285714285715,0,0.06349206349206349,0,17,4,4-17-0,19.047619047619047
Wagner Seahawks,Home,0.42857142857142855,6,0,12,9.19047619047619,8,1.1904761904761905,1,0.10245901639344263,2,11,8,8-11-2,38.095238095238095
Wake Forest Demon Deacons,Away,0.4629629629629629,11,1,30,9.814814814814815,9,1.1111111111111112,1,0.09063444108761329,3,13,11,11-13-3,40.74074074074074
Wake Forest Demon Deacons,Home,0.7142857142857143,16,0,22,9.785714285714286,10,2,2,0.12416851441241686,2,7,19,19-7-2,67.85714285714286
Washington Huskies,Away,0.4642857142857143,8,1,21,9.035714285714286,9,1.357142857142857,1,0.08878504672897196,6,12,10,10-12-6,35.714285714285715
Washington Huskies,Home,0.6851851851851852,10,0,14,9.925925925925926,10,1.7777777777777777,2,0.11059907834101383,5,6,16,16-6-5,59.25925925925925
Washington St. Cougars,Away,0.6041666666666667,10,1,40,10.916666666666666,11,1.5833333333333335,1.5,0.10270270270270271,1,9,14,14-9-1,58.333333333333336
Washington St. Cougars,Home,0.6785714285714286,14,0,18,10.678571428571429,11,1.9642857142857142,1.5,0.09212730318257957,10,4,14,14-4-10,50
Weber St. Wildcats,Away,0.37931034482758624,4,0,17,9.03448275862069,9,1.2758620689655173,1,0.10632183908045977,4,16,9,9-16-4,31.03448275862069
Weber St. Wildcats,Home,0.6052631578947368,8,0,13,11,10,1.1052631578947367,1,0.08502024291497975,1,7,11,11-7-1,57.89473684210527
West Virginia Mountaineers,Away,0.603448275862069,11,0,22,8.620689655172415,9,1.0689655172413792,1,0.08539944903581267,9,7,13,13-7-9,44.827586206896555
West Virginia Mountaineers,Home,0.7142857142857143,13,1,12,8.25,8,1.9285714285714284,2,0.13267813267813267,4,6,18,18-6-4,64.28571428571429
Western Caro. Catamounts,Away,0.4074074074074074,7,0,24,10.481481481481481,10,1,1,0.08108108108108109,4,14,9,9-14-4,33.33333333333333
Western Caro. Catamounts,Home,0.5434782608695652,11,0,12,7.565217391304348,8,1.3043478260869565,1,0.08356545961002786,3,9,11,11-9-3,47.82608695652174
Western Ill. Leathernecks,Away,0.375,7,1,21,7.34375,7,0.8125,0,0.08280254777070063,4,18,10,10-18-4,31.25
Western Ill. Leathernecks,Home,0.39473684210526316,2,0,11,8.31578947368421,8,1.6842105263157894,1,0.12260536398467432,1,11,7,7-11-1,36.84210526315789
Western Ky. Lady Toppers,Away,0.5,7,0,15,9.2,10,1.04,1,0.11158798283261803,5,10,10,10-10-5,40
Western Ky. Lady Toppers,Home,0.7045454545454546,12,0,15,7.545454545454545,8,1.3636363636363638,1,0.10676156583629894,1,6,15,15-6-1,68.18181818181817
Western Mich. Broncos,Away,0.28846153846153844,5,2,17,7.961538461538463,7,0.923076923076923,1,0.08540925266903915,3,17,6,6-17-3,23.076923076923077
Western Mich. Broncos,Home,0.6190476190476191,6,0,11,9.047619047619047,9,2.0952380952380953,2,0.16356877323420074,4,6,11,11-6-4,52.38095238095239
William & Mary Tribe,Away,0.4318181818181818,8,0,21,10.136363636363637,9,0.8636363636363635,1,0.08296943231441048,5,10,7,7-10-5,31.818181818181817
William & Mary Tribe,Home,0.34210526315789475,7,0,13,9.789473684210526,8,0.736842105263158,0,0.07954545454545454,5,10,4,4-10-5,21.052631578947366
Winthrop Eagles,Away,0.425,6,0,11,7.75,8.5,1.4,1,0.14285714285714285,1,11,8,8-11-1,40
Winthrop Eagles,Home,0.34210526315789475,4,0,6,8,9,0.8421052631578947,0,0.09580838323353294,5,10,4,4-10-5,21.052631578947366
Wisconsin Badgers,Away,0.5517241379310345,12,1,27,10.689655172413794,10,1.206896551724138,1,0.10802469135802469,6,10,13,13-10-6,44.827586206896555
Wisconsin Badgers,Home,0.6923076923076923,12,0,13,9.5,9,1.576923076923077,1,0.12130177514792899,6,5,15,15-5-6,57.692307692307686
Wofford Terriers,Away,0.4423076923076923,6,0,17,7.8076923076923075,8,1,1,0.08695652173913043,3,13,10,10-13-3,38.46153846153847
Wofford Terriers,Home,0.40909090909090906,6,0,12,7.863636363636363,8,0.9545454545454546,1,0.10144927536231885,4,11,7,7-11-4,31.818181818181817
Wright St. Raiders,Away,0.4,5,2,17,11.64,12,1.3199999999999998,1,0.1274131274131274,2,14,9,9-14-2,36
Wright St. Raiders,Home,0.5,1,2,20,9.2,9.5,1.5,1,0.10714285714285714,4,8,8,8-8-4,40
Wyoming Cowgirls,Away,0.2916666666666667,4,1,22,9.916666666666666,10,1,1,0.08480565371024736,4,15,5,5-15-4,20.833333333333336
Wyoming Cowgirls,Home,0.6041666666666666,2,0,20,10.291666666666666,10.5,1.7083333333333333,1.5,0.14590747330960854,3,8,13,13-8-3,54.166666666666664
Xavier Musketeers,Away,0.6785714285714286,13,0,18,9.642857142857142,10,1.3571428571428572,1,0.10106382978723404,4,7,17,17-7-4,60.71428571428571
Xavier Musketeers,Home,0.7083333333333334,10,1,16,9.625,9.5,1.375,1,0.0889487870619946,2,6,16,16-6-2,66.66666666666666
Yale Bulldogs,Away,0.06666666666666668,2,0,9,8.533333333333333,8,0.4000000000000001,0,0.04316546762589928,2,13,0,0-13-2,0
Yale Bulldogs,Home,0.6176470588235294,10,0,13,8.294117647058824,8,1.4117647058823528,1,0.1437125748502994,1,6,10,10-6-1,58.82352941176471
Youngstown St. Penguins,Away,0.21153846153846148,3,0,26,10.461538461538462,9.5,0.6538461538461539,0,0.07083333333333333,3,19,4,4-19-3,15.384615384615385
Youngstown St. Penguins,Home,0.5238095238095238,10,1,16,12.142857142857142,12,1.0952380952380953,1,0.11386138613861387,6,7,8,8-7-6,38.095238095238095
